<?xml version="1.0" encoding="UTF-8"?>
<receita>
    <aluno>
        <cpf>490.705.618-40</cpf>
        <rg>59.189.753-0</rg>
        <nome>Pedro Henrique</nome>
        <data_nasc>17/05/2000</data_nasc>
        <endereco>
            <lagradouro>Rua</lagradouro>
            <numero>494</numero>
            <bairro>Vila Mateo Bei</bairro>
            <cep>11335-320</cep>
            <cidade>São Vicente</cidade>
            <estado>São Paulo</estado>
        </endereco>
        <contato>
            <telefone>(13)3463-1402</telefone>
            <celular>(13)99156-7531</celular>
            <email>pedro.henrisz@gmail.com</email>
        </contato>
    </aluno>
</receita>
        