﻿<?xml version='1.0' encoding='UTF-8'?>
<importacaoAlunoEnvio xmlns="http://www.ginfes.com.br/tiposEducacao.xsd">
  <empresaEscola>
    <dsIm>614470</dsIm>
    <cpfCnpj>58251711000119</cpfCnpj>
  </empresaEscola>
  <aluno>
    <identificacao>
      <numeroIdentificacao>44486777883</numeroIdentificacao>
      <tipoIdentificacao>1</tipoIdentificacao>
      <nome>EMANUELLE COSTENARO DA SILVA</nome>
      <matricula>152620</matricula>
      <dataNascimento>04/02/2003</dataNascimento>
      <dataInicial>01/07/2021</dataInicial>
      <dataFinal>31/12/2021</dataFinal>
    </identificacao>
    <icResponsavel>1</icResponsavel>
    <icAtivo>1</icAtivo>
    <contato>
      <email>emanuellecostenarodasilva2@gmail.com</email>
    </contato>
    <endereco>
      <cep>11025010</cep>
      <numero>85</numero>
      <logradouro>RUA NABUCO DE ARAUJO</logradouro>
      <bairro>Boqueirao</bairro>
      <uf>35</uf>
      <municipio>48500</municipio>
      <complemento>APTO 08</complemento>
    </endereco>
    <responsavel>
      <identificacao>
        <numeroIdentificacao>09775171873</numeroIdentificacao>
        <tipoIdentificacao>1</tipoIdentificacao>
        <nome>JURANDIR MOURA DA SILVA FILHO</nome>
      </identificacao>
      <contato>
        <email>jurandirmourasf@gmail.com</email>
      </contato>
      <endereco>
        <cep>11025010</cep>
        <numero>85</numero>
        <logradouro>RUA NABUCO DE ARAUJO</logradouro>
        <bairro>Boqueirao</bairro>
        <uf>35</uf>
        <municipio>48500</municipio>
        <complemento>APTO 08</complemento>
      </endereco>
    </responsavel>
    <listaCursos>
      <Curso>
        <codCurso>103201</codCurso>
        <serie>2</serie>
        <valores>
          <valorServico>1297.00</valorServico>
          <valorDescIncondicionado>0.00</valorDescIncondicionado>
        </valores>
        <tpCurso>1</tpCurso>
        <dataInicioCurso>01/07/2021</dataInicioCurso>
        <icAtivo>1</icAtivo>
      </Curso>
    </listaCursos>
  </aluno>
  <aluno>
    <identificacao>
      <numeroIdentificacao>41271724871</numeroIdentificacao>
      <tipoIdentificacao>1</tipoIdentificacao>
      <nome>EMANUELLE VIEIRA GLEREAN</nome>
      <matricula>167336</matricula>
      <dataNascimento>25/01/1999</dataNascimento>
      <dataInicial>01/07/2021</dataInicial>
      <dataFinal>31/12/2021</dataFinal>
    </identificacao>
    <icResponsavel>1</icResponsavel>
    <icAtivo>1</icAtivo>
    <contato>
      <email>manuglerean@gmail.com</email>
    </contato>
    <endereco>
      <cep>11075580</cep>
      <numero>23</numero>
      <logradouro>RUA JOSE DE ALENCAR</logradouro>
      <bairro>VILA BELMIRO</bairro>
      <uf>35</uf>
      <municipio>3548500</municipio>
      <complemento>APT0.33A</complemento>
    </endereco>
    <responsavel>
      <identificacao>
        <numeroIdentificacao>04378785897</numeroIdentificacao>
        <tipoIdentificacao>1</tipoIdentificacao>
        <nome>REGINALDO JOSE GLEREAN</nome>
      </identificacao>
      <contato>
        <email>manoglerean2gmail.com</email>
      </contato>
      <endereco>
        <cep>11075580</cep>
        <numero>23</numero>
        <logradouro>RUA JOSE DE ALENCAR</logradouro>
        <bairro>VILA BELMIRO</bairro>
        <uf>35</uf>
        <municipio>3548500</municipio>
        <complemento>APT0.33A</complemento>
      </endereco>
    </responsavel>
    <listaCursos>
      <Curso>
        <codCurso>100201</codCurso>
        <serie>8</serie>
        <valores>
          <valorServico>1925.00</valorServico>
          <valorDescIncondicionado>1155.00</valorDescIncondicionado>
        </valores>
        <tpCurso>1</tpCurso>
        <dataInicioCurso>01/07/2021</dataInicioCurso>
        <icAtivo>1</icAtivo>
      </Curso>
    </listaCursos>
  </aluno>
  <aluno>
    <identificacao>
      <numeroIdentificacao>46854828830</numeroIdentificacao>
      <tipoIdentificacao>1</tipoIdentificacao>
      <nome>EMANUELY DOS ANJOS MOUTINHO DA SILVA SERRANO</nome>
      <matricula>205933</matricula>
      <dataNascimento>02/04/2002</dataNascimento>
      <dataInicial>01/07/2021</dataInicial>
      <dataFinal>31/12/2021</dataFinal>
    </identificacao>
    <icResponsavel>1</icResponsavel>
    <icAtivo>1</icAtivo>
    <contato>
      <email>manuanjos12477@gmail.com</email>
    </contato>
    <endereco>
      <cep>11325010</cep>
      <numero>221</numero>
      <logradouro>AVENIDA ENGENHEIRO SATURNINO DE BRITO</logradouro>
      <bairro>PARQUE PRAINHA</bairro>
      <uf>35</uf>
      <municipio>51009</municipio>
      <complemento>CASA 3</complemento>
    </endereco>
    <responsavel>
      <identificacao>
        <numeroIdentificacao>46854828830</numeroIdentificacao>
        <tipoIdentificacao>1</tipoIdentificacao>
        <nome>EMANUELY DOS ANJOS MOUTINHO DA SILVA SERRANO</nome>
      </identificacao>
      <contato>
        <email>emanuely7.5.3anjos@gmail.com</email>
      </contato>
      <endereco>
        <cep>11325010</cep>
        <numero>221</numero>
        <logradouro>AVENIDA ENGENHEIRO SATURNINO DE BRITO</logradouro>
        <bairro>PARQUE PRAINHA</bairro>
        <uf>35</uf>
        <municipio>51009</municipio>
        <complemento>CASA 3</complemento>
      </endereco>
    </responsavel>
    <listaCursos>
      <Curso>
        <codCurso>105701</codCurso>
        <serie>2</serie>
        <valores>
          <valorServico>1209.00</valorServico>
          <valorDescIncondicionado>0.00</valorDescIncondicionado>
        </valores>
        <tpCurso>1</tpCurso>
        <dataInicioCurso>01/07/2021</dataInicioCurso>
        <icAtivo>1</icAtivo>
      </Curso>
    </listaCursos>
  </aluno>
  <aluno>
    <identificacao>
      <numeroIdentificacao>23920094816</numeroIdentificacao>
      <tipoIdentificacao>1</tipoIdentificacao>
      <nome>EMANUELY NINA ALVES DE LIMA</nome>
      <matricula>182358</matricula>
      <dataNascimento>27/09/2002</dataNascimento>
      <dataInicial>01/07/2021</dataInicial>
      <dataFinal>31/12/2021</dataFinal>
    </identificacao>
    <icResponsavel>1</icResponsavel>
    <icAtivo>1</icAtivo>
    <contato>
      <email>emanuely_ninalima@hotmail.com</email>
    </contato>
    <endereco>
      <cep>11360000</cep>
      <numero>440</numero>
      <logradouro>RUA GUARANY</logradouro>
      <bairro>PARQUE SAO VICENTE</bairro>
      <uf>35</uf>
      <municipio>51009</municipio>
      <complemento>CASA</complemento>
    </endereco>
    <responsavel>
      <identificacao>
        <numeroIdentificacao>23920094816</numeroIdentificacao>
        <tipoIdentificacao>1</tipoIdentificacao>
        <nome>EMANUELY NINA ALVES DE LIMA</nome>
      </identificacao>
      <contato>
        <email>Emanuely_ninalima@hotmail.com</email>
      </contato>
      <endereco>
        <cep>11360000</cep>
        <numero>440</numero>
        <logradouro>RUA GUARANY</logradouro>
        <bairro>PARQUE SAO VICENTE</bairro>
        <uf>35</uf>
        <municipio>51009</municipio>
        <complemento>CASA</complemento>
      </endereco>
    </responsavel>
    <listaCursos>
      <Curso>
        <codCurso>105701</codCurso>
        <serie>4</serie>
        <valores>
          <valorServico>1209.00</valorServico>
          <valorDescIncondicionado>0.00</valorDescIncondicionado>
        </valores>
        <tpCurso>1</tpCurso>
        <dataInicioCurso>01/07/2021</dataInicioCurso>
        <icAtivo>1</icAtivo>
      </Curso>
    </listaCursos>
  </aluno>
  <aluno>
    <identificacao>
      <numeroIdentificacao>46985483810</numeroIdentificacao>
      <tipoIdentificacao>1</tipoIdentificacao>
      <nome>EMELLY SCUPINARI SILVA</nome>
      <matricula>130264</matricula>
      <dataNascimento>02/07/1997</dataNascimento>
      <dataInicial>01/07/2021</dataInicial>
      <dataFinal>31/12/2021</dataFinal>
    </identificacao>
    <icResponsavel>1</icResponsavel>
    <icAtivo>1</icAtivo>
    <contato>
      <email>scupinari00@gmail.com</email>
    </contato>
    <endereco>
      <cep>11730000</cep>
      <numero>61</numero>
      <logradouro>AVENIDA CAMPOS SALLES</logradouro>
      <bairro>JARDIM MARINA</bairro>
      <uf>35</uf>
      <municipio>31100</municipio>
      <complemento>APTO 32</complemento>
    </endereco>
    <responsavel>
      <identificacao>
        <numeroIdentificacao>46985483810</numeroIdentificacao>
        <tipoIdentificacao>1</tipoIdentificacao>
        <nome>EMELLY SCUPINARI SILVA</nome>
      </identificacao>
      <contato>
        <email>scupinari00@gmail.com</email>
      </contato>
      <endereco>
        <cep>11730000</cep>
        <numero>61</numero>
        <logradouro>AVENIDA CAMPOS SALLES</logradouro>
        <bairro>JARDIM MARINA</bairro>
        <uf>35</uf>
        <municipio>31100</municipio>
        <complemento>APTO 32</complemento>
      </endereco>
    </responsavel>
    <listaCursos>
      <Curso>
        <codCurso>103301</codCurso>
        <serie>6</serie>
        <valores>
          <valorServico>2008.00</valorServico>
          <valorDescIncondicionado>1204.80</valorDescIncondicionado>
        </valores>
        <tpCurso>1</tpCurso>
        <dataInicioCurso>01/07/2021</dataInicioCurso>
        <icAtivo>1</icAtivo>
      </Curso>
    </listaCursos>
  </aluno>
  <aluno>
    <identificacao>
      <numeroIdentificacao>50385234805</numeroIdentificacao>
      <tipoIdentificacao>1</tipoIdentificacao>
      <nome>EMELY DE OLIVEIRA ARAUJO</nome>
      <matricula>188330</matricula>
      <dataNascimento>04/12/2000</dataNascimento>
      <dataInicial>01/07/2021</dataInicial>
      <dataFinal>31/12/2021</dataFinal>
    </identificacao>
    <icResponsavel>1</icResponsavel>
    <icAtivo>1</icAtivo>
    <contato>
      <email>emilyn65@hotmail.com</email>
    </contato>
    <endereco>
      <cep>11702080</cep>
      <numero>139</numero>
      <logradouro>RUA ALAMEDA DAS AMERICAS</logradouro>
      <bairro>VILA GUILHERMINA</bairro>
      <uf>35</uf>
      <municipio>41000</municipio>
    </endereco>
    <responsavel>
      <identificacao>
        <numeroIdentificacao>50385234805</numeroIdentificacao>
        <tipoIdentificacao>1</tipoIdentificacao>
        <nome>EMELY DE OLIVEIRA ARAUJO</nome>
      </identificacao>
      <contato>
        <email>emilyn65@hotmail.com</email>
      </contato>
      <endereco>
        <cep>11702080</cep>
        <numero>139</numero>
        <logradouro>RUA ALAMEDA DAS AMERICAS</logradouro>
        <bairro>VILA GUILHERMINA</bairro>
        <uf>35</uf>
        <municipio>41000</municipio>
      </endereco>
    </responsavel>
    <listaCursos>
      <Curso>
        <codCurso>103201</codCurso>
        <serie>6</serie>
        <valores>
          <valorServico>1297.00</valorServico>
          <valorDescIncondicionado>0.00</valorDescIncondicionado>
        </valores>
        <tpCurso>1</tpCurso>
        <dataInicioCurso>01/07/2021</dataInicioCurso>
        <icAtivo>1</icAtivo>
      </Curso>
    </listaCursos>
  </aluno>
  <aluno>
    <identificacao>
      <numeroIdentificacao>33313374808</numeroIdentificacao>
      <tipoIdentificacao>1</tipoIdentificacao>
      <nome>EMERSON DE JESUS GOMES</nome>
      <matricula>175439</matricula>
      <dataNascimento>25/11/1983</dataNascimento>
      <dataInicial>01/07/2021</dataInicial>
      <dataFinal>31/12/2021</dataFinal>
    </identificacao>
    <icResponsavel>1</icResponsavel>
    <icAtivo>1</icAtivo>
    <contato>
      <email>emersong1603@gmail.com</email>
    </contato>
    <endereco>
      <cep>11730000</cep>
      <numero>768</numero>
      <logradouro>RUA SANTOS</logradouro>
      <bairro>AGENOR DE CAMPOS</bairro>
      <uf>35</uf>
      <municipio>31100</municipio>
    </endereco>
    <responsavel>
      <identificacao>
        <numeroIdentificacao>33313374808</numeroIdentificacao>
        <tipoIdentificacao>1</tipoIdentificacao>
        <nome>EMERSON DE JESUS GOMES</nome>
      </identificacao>
      <contato>
        <email>emersong1603@gmail.com</email>
      </contato>
      <endereco>
        <cep>11730000</cep>
        <numero>768</numero>
        <logradouro>RUA SANTOS</logradouro>
        <bairro>AGENOR DE CAMPOS</bairro>
        <uf>35</uf>
        <municipio>31100</municipio>
      </endereco>
    </responsavel>
    <listaCursos>
      <Curso>
        <codCurso>103201</codCurso>
        <serie>6</serie>
        <valores>
          <valorServico>1297.00</valorServico>
          <valorDescIncondicionado>0.00</valorDescIncondicionado>
        </valores>
        <tpCurso>1</tpCurso>
        <dataInicioCurso>01/07/2021</dataInicioCurso>
        <icAtivo>1</icAtivo>
      </Curso>
    </listaCursos>
  </aluno>
  <aluno>
    <identificacao>
      <numeroIdentificacao>38919234817</numeroIdentificacao>
      <tipoIdentificacao>1</tipoIdentificacao>
      <nome>EMERSON NASCIMENTO FONSECA</nome>
      <matricula>170904</matricula>
      <dataNascimento>29/06/2001</dataNascimento>
      <dataInicial>01/07/2021</dataInicial>
      <dataFinal>31/12/2021</dataFinal>
    </identificacao>
    <icResponsavel>1</icResponsavel>
    <icAtivo>1</icAtivo>
    <contato>
      <email>nascimento.fonseca15@gmail.com</email>
    </contato>
    <endereco>
      <cep>11730000</cep>
      <numero>345</numero>
      <logradouro>AVENIDA SAO FRANSCISCO</logradouro>
      <bairro>VERDIMAR</bairro>
      <uf>35</uf>
      <municipio>48500</municipio>
      <complemento>CASA</complemento>
    </endereco>
    <responsavel>
      <identificacao>
        <numeroIdentificacao>30467087857</numeroIdentificacao>
        <tipoIdentificacao>1</tipoIdentificacao>
        <nome>MARLUCE SANTOS NASCIMENTO</nome>
      </identificacao>
      <contato>
        <email>nfse@unisanta.br</email>
      </contato>
      <endereco>
        <cep>11730000</cep>
        <numero>345</numero>
        <logradouro>AVENIDA SAO FRANSCISCO</logradouro>
        <bairro>VERDIMAR</bairro>
        <uf>35</uf>
        <municipio>48500</municipio>
        <complemento>CASA</complemento>
      </endereco>
    </responsavel>
    <listaCursos>
      <Curso>
        <codCurso>101502</codCurso>
        <serie>4</serie>
        <valores>
          <valorServico>1636.00</valorServico>
          <valorDescIncondicionado>654.40</valorDescIncondicionado>
        </valores>
        <tpCurso>1</tpCurso>
        <dataInicioCurso>01/07/2021</dataInicioCurso>
        <icAtivo>1</icAtivo>
      </Curso>
    </listaCursos>
  </aluno>
  <aluno>
    <identificacao>
      <numeroIdentificacao>46159978845</numeroIdentificacao>
      <tipoIdentificacao>1</tipoIdentificacao>
      <nome>EMERSON RODRIGUES DE LIMA FERREIRA</nome>
      <matricula>154577</matricula>
      <dataNascimento>10/10/1997</dataNascimento>
      <dataInicial>01/07/2021</dataInicial>
      <dataFinal>31/12/2021</dataFinal>
    </identificacao>
    <icResponsavel>1</icResponsavel>
    <icAtivo>1</icAtivo>
    <contato>
      <email>emerson-2345@hotmail.com</email>
    </contato>
    <endereco>
      <cep>11088450</cep>
      <numero>287</numero>
      <logradouro>Caminho Sao Sebastiao</logradouro>
      <bairro>Radio Clube</bairro>
      <uf>35</uf>
      <municipio>3548500</municipio>
      <complemento>CASA 14</complemento>
    </endereco>
    <responsavel>
      <identificacao>
        <numeroIdentificacao>46159978845</numeroIdentificacao>
        <tipoIdentificacao>1</tipoIdentificacao>
        <nome>EMERSON RODRIGUES DE LIMA FERREIRA</nome>
      </identificacao>
      <contato>
        <email>emerson-2345@hotmail.com</email>
      </contato>
      <endereco>
        <cep>11088450</cep>
        <numero>287</numero>
        <logradouro>Caminho Sao Sebastiao</logradouro>
        <bairro>Radio Clube</bairro>
        <uf>35</uf>
        <municipio>3548500</municipio>
        <complemento>CASA 14</complemento>
      </endereco>
    </responsavel>
    <listaCursos>
      <Curso>
        <codCurso>103201</codCurso>
        <serie>8</serie>
        <valores>
          <valorServico>1297.00</valorServico>
          <valorDescIncondicionado>0.00</valorDescIncondicionado>
        </valores>
        <tpCurso>1</tpCurso>
        <dataInicioCurso>01/07/2021</dataInicioCurso>
        <icAtivo>1</icAtivo>
      </Curso>
    </listaCursos>
  </aluno>
  <aluno>
    <identificacao>
      <numeroIdentificacao>43204673880</numeroIdentificacao>
      <tipoIdentificacao>1</tipoIdentificacao>
      <nome>EMILLY GASPAR PADEIRO ESPER</nome>
      <matricula>147964</matricula>
      <dataNascimento>27/03/1999</dataNascimento>
      <dataInicial>01/07/2021</dataInicial>
      <dataFinal>31/12/2021</dataFinal>
    </identificacao>
    <icResponsavel>1</icResponsavel>
    <icAtivo>1</icAtivo>
    <contato>
      <email>emillypadeiro@hotmail.com</email>
    </contato>
    <endereco>
      <cep>11035110</cep>
      <numero>10</numero>
      <logradouro>RUA CYRO DE ATHAIDE CARNEIRO</logradouro>
      <bairro>PONTA DA PRAIA</bairro>
      <uf>35</uf>
      <municipio>48500</municipio>
      <complemento>31</complemento>
    </endereco>
    <responsavel>
      <identificacao>
        <numeroIdentificacao>03845228822</numeroIdentificacao>
        <tipoIdentificacao>1</tipoIdentificacao>
        <nome>ANA LUCIA GASPAR PADEIRO</nome>
      </identificacao>
      <contato>
        <email>analupadeiro@hotmail.com</email>
      </contato>
      <endereco>
        <cep>11035110</cep>
        <numero>10</numero>
        <logradouro>RUA CYRO DE ATHAIDE CARNEIRO</logradouro>
        <bairro>PONTA DA PRAIA</bairro>
        <uf>35</uf>
        <municipio>48500</municipio>
        <complemento>31</complemento>
      </endereco>
    </responsavel>
    <listaCursos>
      <Curso>
        <codCurso>104901</codCurso>
        <serie>10</serie>
        <valores>
          <valorServico>1706.00</valorServico>
          <valorDescIncondicionado>1194.20</valorDescIncondicionado>
        </valores>
        <tpCurso>1</tpCurso>
        <dataInicioCurso>01/07/2021</dataInicioCurso>
        <icAtivo>1</icAtivo>
      </Curso>
    </listaCursos>
  </aluno>
  <aluno>
    <identificacao>
      <numeroIdentificacao>43414358840</numeroIdentificacao>
      <tipoIdentificacao>1</tipoIdentificacao>
      <nome>EMILLYN MUNIZ SILVA</nome>
      <matricula>136893</matricula>
      <dataNascimento>06/12/1996</dataNascimento>
      <dataInicial>01/07/2021</dataInicial>
      <dataFinal>31/12/2021</dataFinal>
    </identificacao>
    <icResponsavel>1</icResponsavel>
    <icAtivo>1</icAtivo>
    <contato>
      <email>emillyn_muniz@hotmail.com</email>
    </contato>
    <endereco>
      <cep>11460280</cep>
      <numero>07</numero>
      <logradouro>RUA SAO PAULO</logradouro>
      <bairro>SITIO PAECARA</bairro>
      <uf>35</uf>
      <municipio>18701</municipio>
      <complemento>CASA</complemento>
    </endereco>
    <responsavel>
      <identificacao>
        <numeroIdentificacao>43414358840</numeroIdentificacao>
        <tipoIdentificacao>1</tipoIdentificacao>
        <nome>EMILLYN MUNIZ SILVA</nome>
      </identificacao>
      <contato>
        <email>emillyn_muniz@hotmail.com</email>
      </contato>
      <endereco>
        <cep>11460280</cep>
        <numero>07</numero>
        <logradouro>RUA SAO PAULO</logradouro>
        <bairro>SITIO PAECARA</bairro>
        <uf>35</uf>
        <municipio>18701</municipio>
        <complemento>CASA</complemento>
      </endereco>
    </responsavel>
    <listaCursos>
      <Curso>
        <codCurso>105201</codCurso>
        <serie>8</serie>
        <valores>
          <valorServico>1551.00</valorServico>
          <valorDescIncondicionado>620.40</valorDescIncondicionado>
        </valores>
        <tpCurso>1</tpCurso>
        <dataInicioCurso>01/07/2021</dataInicioCurso>
        <icAtivo>1</icAtivo>
      </Curso>
    </listaCursos>
  </aluno>
  <aluno>
    <identificacao>
      <numeroIdentificacao>47512926847</numeroIdentificacao>
      <tipoIdentificacao>1</tipoIdentificacao>
      <nome>ENDREW DOS SANTOS SANTANA</nome>
      <matricula>150788</matricula>
      <dataNascimento>11/11/1998</dataNascimento>
      <dataInicial>01/07/2021</dataInicial>
      <dataFinal>31/12/2021</dataFinal>
    </identificacao>
    <icResponsavel>1</icResponsavel>
    <icAtivo>1</icAtivo>
    <contato>
      <email>endrew.gja@gmail.com</email>
    </contato>
    <endereco>
      <cep>11443100</cep>
      <numero>65</numero>
      <logradouro>RUA SETE</logradouro>
      <bairro>AREIAO</bairro>
      <uf>35</uf>
      <municipio>18701</municipio>
      <complemento>CS</complemento>
    </endereco>
    <responsavel>
      <identificacao>
        <numeroIdentificacao>47512926847</numeroIdentificacao>
        <tipoIdentificacao>1</tipoIdentificacao>
        <nome>ENDREW DOS SANTOS SANTANA</nome>
      </identificacao>
      <contato>
        <email>endrew.gja@gmai.com</email>
      </contato>
      <endereco>
        <cep>11443100</cep>
        <numero>65</numero>
        <logradouro>RUA SETE</logradouro>
        <bairro>AREIAO</bairro>
        <uf>35</uf>
        <municipio>18701</municipio>
        <complemento>CS</complemento>
      </endereco>
    </responsavel>
    <listaCursos>
      <Curso>
        <codCurso>104701</codCurso>
        <serie>10</serie>
        <valores>
          <valorServico>1704.00</valorServico>
          <valorDescIncondicionado>1704.00</valorDescIncondicionado>
        </valores>
        <tpCurso>1</tpCurso>
        <dataInicioCurso>01/07/2021</dataInicioCurso>
        <icAtivo>1</icAtivo>
      </Curso>
    </listaCursos>
  </aluno>
  <aluno>
    <identificacao>
      <numeroIdentificacao>52883268860</numeroIdentificacao>
      <tipoIdentificacao>1</tipoIdentificacao>
      <nome>ENRICO CESAR SPAGNUOLO</nome>
      <matricula>206893</matricula>
      <dataNascimento>11/10/2002</dataNascimento>
      <dataInicial>01/07/2021</dataInicial>
      <dataFinal>31/12/2021</dataFinal>
    </identificacao>
    <icResponsavel>1</icResponsavel>
    <icAtivo>1</icAtivo>
    <contato>
      <email>enrico.spagnoulo@gmail.com</email>
    </contato>
    <endereco>
      <cep>11030470</cep>
      <numero>6</numero>
      <logradouro>RUA CARLOS DE CAMPOS</logradouro>
      <bairro>PONTA DA PRAIA</bairro>
      <uf>35</uf>
      <municipio>48500</municipio>
      <complemento>81</complemento>
    </endereco>
    <responsavel>
      <identificacao>
        <numeroIdentificacao>08656468804</numeroIdentificacao>
        <tipoIdentificacao>1</tipoIdentificacao>
        <nome>FABRICIO SPAGNUOLO</nome>
      </identificacao>
      <contato>
        <email>faberfix@gmail.com</email>
      </contato>
      <endereco>
        <cep>11030470</cep>
        <numero>6</numero>
        <logradouro>RUA CARLOS DE CAMPOS</logradouro>
        <bairro>PONTA DA PRAIA</bairro>
        <uf>35</uf>
        <municipio>48500</municipio>
        <complemento>81</complemento>
      </endereco>
    </responsavel>
    <listaCursos>
      <Curso>
        <codCurso>105701</codCurso>
        <serie>2</serie>
        <valores>
          <valorServico>1209.00</valorServico>
          <valorDescIncondicionado>0.00</valorDescIncondicionado>
        </valores>
        <tpCurso>1</tpCurso>
        <dataInicioCurso>01/07/2021</dataInicioCurso>
        <icAtivo>1</icAtivo>
      </Curso>
    </listaCursos>
  </aluno>
  <aluno>
    <identificacao>
      <numeroIdentificacao>36644060870</numeroIdentificacao>
      <tipoIdentificacao>1</tipoIdentificacao>
      <nome>ENRICO MADEU FERNANDES</nome>
      <matricula>185734</matricula>
      <dataNascimento>20/02/2002</dataNascimento>
      <dataInicial>01/07/2021</dataInicial>
      <dataFinal>31/12/2021</dataFinal>
    </identificacao>
    <icResponsavel>1</icResponsavel>
    <icAtivo>1</icAtivo>
    <contato>
      <email>enricomfernandes@gmail.com</email>
    </contato>
    <endereco>
      <cep>11065200</cep>
      <numero>70</numero>
      <logradouro>AV. PRESIDENTE WILSON </logradouro>
      <bairro>JOSE MENINO</bairro>
      <uf>35</uf>
      <municipio>48500</municipio>
      <complemento>AP. 401</complemento>
    </endereco>
    <responsavel>
      <identificacao>
        <numeroIdentificacao>18112649804</numeroIdentificacao>
        <tipoIdentificacao>1</tipoIdentificacao>
        <nome>CARLOS RENATO FERNANDES</nome>
      </identificacao>
      <contato>
        <email>fernandes.crenato@gmail.com</email>
      </contato>
      <endereco>
        <cep>11065200</cep>
        <numero>70</numero>
        <logradouro>AV. PRESIDENTE WILSON </logradouro>
        <bairro>JOSE MENINO</bairro>
        <uf>35</uf>
        <municipio>48500</municipio>
        <complemento>AP. 401</complemento>
      </endereco>
    </responsavel>
    <listaCursos>
      <Curso>
        <codCurso>104001</codCurso>
        <serie>4</serie>
        <valores>
          <valorServico>1704.00</valorServico>
          <valorDescIncondicionado>681.60</valorDescIncondicionado>
        </valores>
        <tpCurso>1</tpCurso>
        <dataInicioCurso>01/07/2021</dataInicioCurso>
        <icAtivo>1</icAtivo>
      </Curso>
    </listaCursos>
  </aluno>
  <aluno>
    <identificacao>
      <numeroIdentificacao>53909268897</numeroIdentificacao>
      <tipoIdentificacao>1</tipoIdentificacao>
      <nome>ENRICO PAPSCH DI GIACOMO</nome>
      <matricula>202410</matricula>
      <dataNascimento>30/08/2002</dataNascimento>
      <dataInicial>01/07/2021</dataInicial>
      <dataFinal>31/12/2021</dataFinal>
    </identificacao>
    <icResponsavel>1</icResponsavel>
    <icAtivo>1</icAtivo>
    <contato>
      <email>ricopapsch@Hotmail.com</email>
    </contato>
    <endereco>
      <cep>11420410</cep>
      <numero>125</numero>
      <logradouro>RUA ANTONIO ALONSO GONZALES</logradouro>
      <bairro>LAS PALMAS</bairro>
      <uf>35</uf>
      <municipio>18701</municipio>
      <complemento>12</complemento>
    </endereco>
    <responsavel>
      <identificacao>
        <numeroIdentificacao>27995284810</numeroIdentificacao>
        <tipoIdentificacao>1</tipoIdentificacao>
        <nome>RENATA PAPSCH DI GIACOMO</nome>
      </identificacao>
      <contato>
        <email>RENATAPAPSCH@HOTMAIL.COM</email>
      </contato>
      <endereco>
        <cep>11420410</cep>
        <numero>125</numero>
        <logradouro>RUA ANTONIO ALONSO GONZALES</logradouro>
        <bairro>LAS PALMAS</bairro>
        <uf>35</uf>
        <municipio>18701</municipio>
        <complemento>12</complemento>
      </endereco>
    </responsavel>
    <listaCursos>
      <Curso>
        <codCurso>105201</codCurso>
        <serie>2</serie>
        <valores>
          <valorServico>1551.00</valorServico>
          <valorDescIncondicionado>0.00</valorDescIncondicionado>
        </valores>
        <tpCurso>1</tpCurso>
        <dataInicioCurso>01/07/2021</dataInicioCurso>
        <icAtivo>1</icAtivo>
      </Curso>
    </listaCursos>
  </aluno>
  <aluno>
    <identificacao>
      <numeroIdentificacao>46729454806</numeroIdentificacao>
      <tipoIdentificacao>1</tipoIdentificacao>
      <nome>ENZO CARMAGNANI MACHADO</nome>
      <matricula>191888</matricula>
      <dataNascimento>11/11/2001</dataNascimento>
      <dataInicial>01/07/2021</dataInicial>
      <dataFinal>31/12/2021</dataFinal>
    </identificacao>
    <icResponsavel>1</icResponsavel>
    <icAtivo>1</icAtivo>
    <contato>
      <email>enzodinimachado@gmail.com</email>
    </contato>
    <endereco>
      <cep>11065201</cep>
      <numero>200</numero>
      <logradouro>AVENIDA PRESIDENTE WILSON</logradouro>
      <bairro>Jose Menino</bairro>
      <uf>35</uf>
      <municipio>48500</municipio>
      <complemento>193 A</complemento>
    </endereco>
    <responsavel>
      <identificacao>
        <numeroIdentificacao>09441615889</numeroIdentificacao>
        <tipoIdentificacao>1</tipoIdentificacao>
        <nome>PAULO CESAR DINIZ MACHADO</nome>
      </identificacao>
      <contato>
        <email>paulo.machado@ezconsultoria.com</email>
      </contato>
      <endereco>
        <cep>11065201</cep>
        <numero>200</numero>
        <logradouro>AVENIDA PRESIDENTE WILSON</logradouro>
        <bairro>Jose Menino</bairro>
        <uf>35</uf>
        <municipio>48500</municipio>
        <complemento>193 A</complemento>
      </endereco>
    </responsavel>
    <listaCursos>
      <Curso>
        <codCurso>104901</codCurso>
        <serie>4</serie>
        <valores>
          <valorServico>1706.00</valorServico>
          <valorDescIncondicionado>1706.00</valorDescIncondicionado>
        </valores>
        <tpCurso>1</tpCurso>
        <dataInicioCurso>01/07/2021</dataInicioCurso>
        <icAtivo>1</icAtivo>
      </Curso>
    </listaCursos>
  </aluno>
  <aluno>
    <identificacao>
      <numeroIdentificacao>52338186800</numeroIdentificacao>
      <tipoIdentificacao>1</tipoIdentificacao>
      <nome>ENZO DE SOUZA LIMA</nome>
      <matricula>156503</matricula>
      <dataNascimento>11/07/2000</dataNascimento>
      <dataInicial>01/07/2021</dataInicial>
      <dataFinal>31/12/2021</dataFinal>
    </identificacao>
    <icResponsavel>1</icResponsavel>
    <icAtivo>1</icAtivo>
    <contato>
      <email>ezolima@gmail.com</email>
    </contato>
    <endereco>
      <cep>11320140</cep>
      <numero>38</numero>
      <logradouro>RUA PERO CORREA</logradouro>
      <bairro>ITARARE</bairro>
      <uf>35</uf>
      <municipio>51009</municipio>
      <complemento>AP. 91</complemento>
    </endereco>
    <responsavel>
      <identificacao>
        <numeroIdentificacao>13400255823</numeroIdentificacao>
        <tipoIdentificacao>1</tipoIdentificacao>
        <nome>ANA PAULA DE SOUZA LIMA</nome>
      </identificacao>
      <contato>
        <email>apsouza@aemontecarlo.com.br</email>
      </contato>
      <endereco>
        <cep>11320140</cep>
        <numero>38</numero>
        <logradouro>RUA PERO CORREA</logradouro>
        <bairro>ITARARE</bairro>
        <uf>35</uf>
        <municipio>51009</municipio>
        <complemento>AP. 91</complemento>
      </endereco>
    </responsavel>
    <listaCursos>
      <Curso>
        <codCurso>104001</codCurso>
        <serie>3</serie>
        <valores>
          <valorServico>1704.00</valorServico>
          <valorDescIncondicionado>0.00</valorDescIncondicionado>
        </valores>
        <tpCurso>1</tpCurso>
        <dataInicioCurso>01/07/2021</dataInicioCurso>
        <icAtivo>1</icAtivo>
      </Curso>
    </listaCursos>
  </aluno>
  <aluno>
    <identificacao>
      <numeroIdentificacao>47106740861</numeroIdentificacao>
      <tipoIdentificacao>1</tipoIdentificacao>
      <nome>ENZO HIGUTI ARMANI</nome>
      <matricula>167808</matricula>
      <dataNascimento>16/12/1999</dataNascimento>
      <dataInicial>01/07/2021</dataInicial>
      <dataFinal>31/12/2021</dataFinal>
    </identificacao>
    <icResponsavel>1</icResponsavel>
    <icAtivo>1</icAtivo>
    <contato>
      <email>enzoarmani123@gmail.com</email>
    </contato>
    <endereco>
      <cep>11065470</cep>
      <numero>37</numero>
      <logradouro>Rua Paraiba,</logradouro>
      <bairro>POMPEIA</bairro>
      <uf>35</uf>
      <municipio>3548500</municipio>
      <complemento>bloco a an 20 ap 201</complemento>
    </endereco>
    <responsavel>
      <identificacao>
        <numeroIdentificacao>47106740861</numeroIdentificacao>
        <tipoIdentificacao>1</tipoIdentificacao>
        <nome>ENZO HIGUTI ARMANI</nome>
      </identificacao>
      <contato>
        <email>enzoarmani123@gmail.com</email>
      </contato>
      <endereco>
        <cep>11065470</cep>
        <numero>37</numero>
        <logradouro>Rua Paraiba,</logradouro>
        <bairro>POMPEIA</bairro>
        <uf>35</uf>
        <municipio>3548500</municipio>
        <complemento>bloco a an 20 ap 201</complemento>
      </endereco>
    </responsavel>
    <listaCursos>
      <Curso>
        <codCurso>104701</codCurso>
        <serie>5</serie>
        <valores>
          <valorServico>1704.00</valorServico>
          <valorDescIncondicionado>681.60</valorDescIncondicionado>
        </valores>
        <tpCurso>1</tpCurso>
        <dataInicioCurso>01/07/2021</dataInicioCurso>
        <icAtivo>1</icAtivo>
      </Curso>
    </listaCursos>
  </aluno>
  <aluno>
    <identificacao>
      <numeroIdentificacao>36237950893</numeroIdentificacao>
      <tipoIdentificacao>1</tipoIdentificacao>
      <nome>ENZO MARTINS NETTO DE FREITAS</nome>
      <matricula>182535</matricula>
      <dataNascimento>19/05/2002</dataNascimento>
      <dataInicial>01/07/2021</dataInicial>
      <dataFinal>31/12/2021</dataFinal>
    </identificacao>
    <icResponsavel>1</icResponsavel>
    <icAtivo>1</icAtivo>
    <contato>
      <email>enzomnfreitas@hotmail.com</email>
    </contato>
    <endereco>
      <cep>11030220</cep>
      <numero>13</numero>
      <logradouro>SENADOR CESAR LACERDA DE VERGUEIRO</logradouro>
      <bairro>PONTA DA PRAIA</bairro>
      <uf>35</uf>
      <municipio>48500</municipio>
      <complemento>13</complemento>
    </endereco>
    <responsavel>
      <identificacao>
        <numeroIdentificacao>04048406809</numeroIdentificacao>
        <tipoIdentificacao>1</tipoIdentificacao>
        <nome>RUTH MARTINS NETTO</nome>
      </identificacao>
      <contato>
        <email>ruthmnetto@hotmail.com</email>
      </contato>
      <endereco>
        <cep>11030220</cep>
        <numero>13</numero>
        <logradouro>SENADOR CESAR LACERDA DE VERGUEIRO</logradouro>
        <bairro>PONTA DA PRAIA</bairro>
        <uf>35</uf>
        <municipio>48500</municipio>
        <complemento>13</complemento>
      </endereco>
    </responsavel>
    <listaCursos>
      <Curso>
        <codCurso>104001</codCurso>
        <serie>4</serie>
        <valores>
          <valorServico>1704.00</valorServico>
          <valorDescIncondicionado>0.00</valorDescIncondicionado>
        </valores>
        <tpCurso>1</tpCurso>
        <dataInicioCurso>01/07/2021</dataInicioCurso>
        <icAtivo>1</icAtivo>
      </Curso>
    </listaCursos>
  </aluno>
  <aluno>
    <identificacao>
      <numeroIdentificacao>42476713830</numeroIdentificacao>
      <tipoIdentificacao>1</tipoIdentificacao>
      <nome>ENZO MATHEUS SANTANA ROBLES</nome>
      <matricula>186998</matricula>
      <dataNascimento>01/10/2001</dataNascimento>
      <dataInicial>01/07/2021</dataInicial>
      <dataFinal>31/12/2021</dataFinal>
    </identificacao>
    <icResponsavel>1</icResponsavel>
    <icAtivo>1</icAtivo>
    <contato>
      <email>enzomatheus.santanarobles@gmail.com</email>
    </contato>
    <endereco>
      <cep>11750000</cep>
      <numero>256</numero>
      <logradouro>RUA SEBASTIAO LEOPOLDINO MARCAL</logradouro>
      <bairro>JARDIM PERUIBE</bairro>
      <uf>35</uf>
      <municipio>37602</municipio>
    </endereco>
    <responsavel>
      <identificacao>
        <numeroIdentificacao>42476713830</numeroIdentificacao>
        <tipoIdentificacao>1</tipoIdentificacao>
        <nome>ENZO MATHEUS SANTANA ROBLES</nome>
      </identificacao>
      <contato>
        <email>enzomatheus.santanarobles@gmail.com</email>
      </contato>
      <endereco>
        <cep>11750000</cep>
        <numero>256</numero>
        <logradouro>RUA SEBASTIAO LEOPOLDINO MARCAL</logradouro>
        <bairro>JARDIM PERUIBE</bairro>
        <uf>35</uf>
        <municipio>37602</municipio>
      </endereco>
    </responsavel>
    <listaCursos>
      <Curso>
        <codCurso>103301</codCurso>
        <serie>4</serie>
        <valores>
          <valorServico>2008.00</valorServico>
          <valorDescIncondicionado>0.00</valorDescIncondicionado>
        </valores>
        <tpCurso>1</tpCurso>
        <dataInicioCurso>01/07/2021</dataInicioCurso>
        <icAtivo>1</icAtivo>
      </Curso>
    </listaCursos>
  </aluno>
  <aluno>
    <identificacao>
      <numeroIdentificacao>17886471733</numeroIdentificacao>
      <tipoIdentificacao>1</tipoIdentificacao>
      <nome>ENZO PELLICCIOTTI DE CAMPOS</nome>
      <matricula>171926</matricula>
      <dataNascimento>17/10/2000</dataNascimento>
      <dataInicial>01/07/2021</dataInicial>
      <dataFinal>31/12/2021</dataFinal>
    </identificacao>
    <icResponsavel>1</icResponsavel>
    <icAtivo>1</icAtivo>
    <contato>
      <email>mopalavaccani@gmail.com</email>
    </contato>
    <endereco>
      <cep>11410150</cep>
      <numero>246</numero>
      <logradouro>RUA WASHINGTON</logradouro>
      <bairro>VILA MAIA</bairro>
      <uf>35</uf>
      <municipio>18701</municipio>
      <complemento>CASA</complemento>
    </endereco>
    <responsavel>
      <identificacao>
        <numeroIdentificacao>17886471733</numeroIdentificacao>
        <tipoIdentificacao>1</tipoIdentificacao>
        <nome>ENZO PELLICCIOTTI DE CAMPOS</nome>
      </identificacao>
      <contato>
        <email>mopalavaccani@gmail.com</email>
      </contato>
      <endereco>
        <cep>11410150</cep>
        <numero>246</numero>
        <logradouro>RUA WASHINGTON</logradouro>
        <bairro>VILA MAIA</bairro>
        <uf>35</uf>
        <municipio>18701</municipio>
        <complemento>CASA</complemento>
      </endereco>
    </responsavel>
    <listaCursos>
      <Curso>
        <codCurso>103901</codCurso>
        <serie>5</serie>
        <valores>
          <valorServico>1704.00</valorServico>
          <valorDescIncondicionado>0.00</valorDescIncondicionado>
        </valores>
        <tpCurso>1</tpCurso>
        <dataInicioCurso>01/07/2021</dataInicioCurso>
        <icAtivo>1</icAtivo>
      </Curso>
    </listaCursos>
  </aluno>
  <aluno>
    <identificacao>
      <numeroIdentificacao>38741910877</numeroIdentificacao>
      <tipoIdentificacao>1</tipoIdentificacao>
      <nome>ERIC FELLIP BARBARA GONCALVES DOS SANTOS</nome>
      <matricula>171854</matricula>
      <dataNascimento>15/06/1989</dataNascimento>
      <dataInicial>01/07/2021</dataInicial>
      <dataFinal>31/12/2021</dataFinal>
    </identificacao>
    <icResponsavel>1</icResponsavel>
    <icAtivo>1</icAtivo>
    <contato>
      <email>ericfellip@gmail.com</email>
    </contato>
    <endereco>
      <cep>11431190</cep>
      <numero>551</numero>
      <logradouro>RUA JOSE VAZ PORTO</logradouro>
      <bairro>VILA SANTA ROSA</bairro>
      <uf>35</uf>
      <municipio>18701</municipio>
      <complemento>CASA</complemento>
    </endereco>
    <responsavel>
      <identificacao>
        <numeroIdentificacao>38741910877</numeroIdentificacao>
        <tipoIdentificacao>1</tipoIdentificacao>
        <nome>ERIC FELLIP BARBARA GONCALVES DOS SANTOS</nome>
      </identificacao>
      <contato>
        <email>ericfellip@gmail.com</email>
      </contato>
      <endereco>
        <cep>11431190</cep>
        <numero>551</numero>
        <logradouro>RUA JOSE VAZ PORTO</logradouro>
        <bairro>VILA SANTA ROSA</bairro>
        <uf>35</uf>
        <municipio>18701</municipio>
        <complemento>CASA</complemento>
      </endereco>
    </responsavel>
    <listaCursos>
      <Curso>
        <codCurso>104601</codCurso>
        <serie>3</serie>
        <valores>
          <valorServico>1704.00</valorServico>
          <valorDescIncondicionado>0.00</valorDescIncondicionado>
        </valores>
        <tpCurso>1</tpCurso>
        <dataInicioCurso>01/07/2021</dataInicioCurso>
        <icAtivo>1</icAtivo>
      </Curso>
    </listaCursos>
  </aluno>
  <aluno>
    <identificacao>
      <numeroIdentificacao>40266644813</numeroIdentificacao>
      <tipoIdentificacao>1</tipoIdentificacao>
      <nome>ERIC VINICIUS COSTA XAVIER</nome>
      <matricula>148309</matricula>
      <dataNascimento>10/02/1990</dataNascimento>
      <dataInicial>01/07/2021</dataInicial>
      <dataFinal>31/12/2021</dataFinal>
    </identificacao>
    <icResponsavel>1</icResponsavel>
    <icAtivo>1</icAtivo>
    <contato>
      <email>ericcosta90@outlook.com.br</email>
    </contato>
    <endereco>
      <cep>11045501</cep>
      <numero>81</numero>
      <logradouro>AVENIDA VICENTE DE CARVALHO</logradouro>
      <bairro>GONZAGA</bairro>
      <uf>35</uf>
      <municipio>48500</municipio>
      <complemento>APTO 15 BLOCO B</complemento>
    </endereco>
    <responsavel>
      <identificacao>
        <numeroIdentificacao>73034100825</numeroIdentificacao>
        <tipoIdentificacao>1</tipoIdentificacao>
        <nome>RAQUEL MARIA DOS SANTOS COSTA</nome>
      </identificacao>
      <contato>
        <email>ericgreenhead@live.com</email>
      </contato>
      <endereco>
        <cep>11045501</cep>
        <numero>81</numero>
        <logradouro>AVENIDA VICENTE DE CARVALHO</logradouro>
        <bairro>GONZAGA</bairro>
        <uf>35</uf>
        <municipio>48500</municipio>
        <complemento>APTO 15 BLOCO B</complemento>
      </endereco>
    </responsavel>
    <listaCursos>
      <Curso>
        <codCurso>103201</codCurso>
        <serie>6</serie>
        <valores>
          <valorServico>1297.00</valorServico>
          <valorDescIncondicionado>518.80</valorDescIncondicionado>
        </valores>
        <tpCurso>1</tpCurso>
        <dataInicioCurso>01/07/2021</dataInicioCurso>
        <icAtivo>1</icAtivo>
      </Curso>
    </listaCursos>
  </aluno>
  <aluno>
    <identificacao>
      <numeroIdentificacao>44055588844</numeroIdentificacao>
      <tipoIdentificacao>1</tipoIdentificacao>
      <nome>ERICA ABIGAIL SOUSA DE ALMEIDA</nome>
      <matricula>201780</matricula>
      <dataNascimento>14/02/2002</dataNascimento>
      <dataInicial>01/07/2021</dataInicial>
      <dataFinal>31/12/2021</dataFinal>
    </identificacao>
    <icResponsavel>1</icResponsavel>
    <icAtivo>1</icAtivo>
    <contato>
      <email>erica.tita.abigail@gmail.com</email>
    </contato>
    <endereco>
      <cep>11310070</cep>
      <numero>1274</numero>
      <logradouro>JACOB EMERICK</logradouro>
      <bairro>CENTRO</bairro>
      <uf>35</uf>
      <municipio>51009</municipio>
      <complemento>CASA</complemento>
    </endereco>
    <responsavel>
      <identificacao>
        <numeroIdentificacao>56846916415</numeroIdentificacao>
        <tipoIdentificacao>1</tipoIdentificacao>
        <nome>NERIVAN PEDRO DE ALMEIDA</nome>
      </identificacao>
      <contato>
        <email>erica.tita.abigail@gmail.com</email>
      </contato>
      <endereco>
        <cep>11310070</cep>
        <numero>1274</numero>
        <logradouro>JACOB EMERICK</logradouro>
        <bairro>CENTRO</bairro>
        <uf>35</uf>
        <municipio>51009</municipio>
        <complemento>CASA</complemento>
      </endereco>
    </responsavel>
    <listaCursos>
      <Curso>
        <codCurso>100901</codCurso>
        <serie>2</serie>
        <valores>
          <valorServico>1116.00</valorServico>
          <valorDescIncondicionado>0.00</valorDescIncondicionado>
        </valores>
        <tpCurso>1</tpCurso>
        <dataInicioCurso>01/07/2021</dataInicioCurso>
        <icAtivo>1</icAtivo>
      </Curso>
    </listaCursos>
  </aluno>
  <aluno>
    <identificacao>
      <numeroIdentificacao>46023413811</numeroIdentificacao>
      <tipoIdentificacao>1</tipoIdentificacao>
      <nome>ERICA ALVES LINHARES</nome>
      <matricula>181656</matricula>
      <dataNascimento>23/04/1998</dataNascimento>
      <dataInicial>01/07/2021</dataInicial>
      <dataFinal>31/12/2021</dataFinal>
    </identificacao>
    <icResponsavel>1</icResponsavel>
    <icAtivo>1</icAtivo>
    <contato>
      <email>ericalinhaares@gmail.com</email>
    </contato>
    <endereco>
      <cep>11534780</cep>
      <numero>252</numero>
      <logradouro>RUA VEREADOR DOUTOR JOSAFA BALBINO DOS SANTOS (BOLSAO </logradouro>
      <bairro>JARDIM REAL </bairro>
      <uf>35</uf>
      <municipio>13504</municipio>
      <complemento>CASA</complemento>
    </endereco>
    <responsavel>
      <identificacao>
        <numeroIdentificacao>46023413811</numeroIdentificacao>
        <tipoIdentificacao>1</tipoIdentificacao>
        <nome>ERICA ALVES LINHARES</nome>
      </identificacao>
      <contato>
        <email>ericalinhaares@gmail.com</email>
      </contato>
      <endereco>
        <cep>11534780</cep>
        <numero>252</numero>
        <logradouro>RUA VEREADOR DOUTOR JOSAFA BALBINO DOS SANTOS (BOLSAO </logradouro>
        <bairro>JARDIM REAL </bairro>
        <uf>35</uf>
        <municipio>13504</municipio>
        <complemento>CASA</complemento>
      </endereco>
    </responsavel>
    <listaCursos>
      <Curso>
        <codCurso>103001</codCurso>
        <serie>2</serie>
        <valores>
          <valorServico>3274.00</valorServico>
          <valorDescIncondicionado>3274.00</valorDescIncondicionado>
        </valores>
        <tpCurso>1</tpCurso>
        <dataInicioCurso>01/07/2021</dataInicioCurso>
        <icAtivo>1</icAtivo>
      </Curso>
    </listaCursos>
  </aluno>
  <aluno>
    <identificacao>
      <numeroIdentificacao>30771585829</numeroIdentificacao>
      <tipoIdentificacao>1</tipoIdentificacao>
      <nome>ERICA COSTA RODRIGUES</nome>
      <matricula>183037</matricula>
      <dataNascimento>28/08/1982</dataNascimento>
      <dataInicial>01/07/2021</dataInicial>
      <dataFinal>31/12/2021</dataFinal>
    </identificacao>
    <icResponsavel>1</icResponsavel>
    <icAtivo>1</icAtivo>
    <contato>
      <email>erica.anajulia@yahoo.com.br</email>
    </contato>
    <endereco>
      <cep>11025011</cep>
      <numero>568</numero>
      <logradouro>RUA NABUCO DE ARAUJO</logradouro>
      <bairro>EMBARE</bairro>
      <uf>35</uf>
      <municipio>48500</municipio>
      <complemento>APT 72</complemento>
    </endereco>
    <responsavel>
      <identificacao>
        <numeroIdentificacao>30771585829</numeroIdentificacao>
        <tipoIdentificacao>1</tipoIdentificacao>
        <nome>ERICA FERREIRA COSTA</nome>
      </identificacao>
      <contato>
        <email>erica.anajulia@yahoo.com.br</email>
      </contato>
      <endereco>
        <cep>11025011</cep>
        <numero>568</numero>
        <logradouro>RUA NABUCO DE ARAUJO</logradouro>
        <bairro>EMBARE</bairro>
        <uf>35</uf>
        <municipio>48500</municipio>
        <complemento>APT 72</complemento>
      </endereco>
    </responsavel>
    <listaCursos>
      <Curso>
        <codCurso>103201</codCurso>
        <serie>8</serie>
        <valores>
          <valorServico>1297.00</valorServico>
          <valorDescIncondicionado>1297.00</valorDescIncondicionado>
        </valores>
        <tpCurso>1</tpCurso>
        <dataInicioCurso>01/07/2021</dataInicioCurso>
        <icAtivo>1</icAtivo>
      </Curso>
    </listaCursos>
  </aluno>
  <aluno>
    <identificacao>
      <numeroIdentificacao>37327202846</numeroIdentificacao>
      <tipoIdentificacao>1</tipoIdentificacao>
      <nome>ERICK AKIRA AJIFU</nome>
      <matricula>171905</matricula>
      <dataNascimento>17/09/1991</dataNascimento>
      <dataInicial>01/07/2021</dataInicial>
      <dataFinal>31/12/2021</dataFinal>
    </identificacao>
    <icResponsavel>1</icResponsavel>
    <icAtivo>1</icAtivo>
    <contato>
      <email>erick.ajifu@bol.com.br</email>
    </contato>
    <endereco>
      <cep>11320110</cep>
      <numero>41</numero>
      <logradouro>RUA GONCALO MONTEIRO</logradouro>
      <bairro>CENTRO</bairro>
      <uf>35</uf>
      <municipio>51009</municipio>
      <complemento>106</complemento>
    </endereco>
    <responsavel>
      <identificacao>
        <numeroIdentificacao>37327202846</numeroIdentificacao>
        <tipoIdentificacao>1</tipoIdentificacao>
        <nome>ERICK AKIRA AJIFU</nome>
      </identificacao>
      <contato>
        <email>erick.ajifu@bol.com.br</email>
      </contato>
      <endereco>
        <cep>11320110</cep>
        <numero>41</numero>
        <logradouro>RUA GONCALO MONTEIRO</logradouro>
        <bairro>CENTRO</bairro>
        <uf>35</uf>
        <municipio>51009</municipio>
        <complemento>106</complemento>
      </endereco>
    </responsavel>
    <listaCursos>
      <Curso>
        <codCurso>104701</codCurso>
        <serie>6</serie>
        <valores>
          <valorServico>1704.00</valorServico>
          <valorDescIncondicionado>0.00</valorDescIncondicionado>
        </valores>
        <tpCurso>1</tpCurso>
        <dataInicioCurso>01/07/2021</dataInicioCurso>
        <icAtivo>1</icAtivo>
      </Curso>
    </listaCursos>
  </aluno>
  <aluno>
    <identificacao>
      <numeroIdentificacao>50739732838</numeroIdentificacao>
      <tipoIdentificacao>1</tipoIdentificacao>
      <nome>ERICK DA SILVA LIRA</nome>
      <matricula>196793</matricula>
      <dataNascimento>28/09/2001</dataNascimento>
      <dataInicial>01/07/2021</dataInicial>
      <dataFinal>31/12/2021</dataFinal>
    </identificacao>
    <icResponsavel>1</icResponsavel>
    <icAtivo>1</icAtivo>
    <contato>
      <email>erick.silva.silva@outlook.com.br</email>
    </contato>
    <endereco>
      <cep>11256665</cep>
      <numero>131</numero>
      <logradouro>RUA C</logradouro>
      <bairro>RIO DA PRAIA</bairro>
      <uf>35</uf>
      <municipio>6359</municipio>
      <complemento>CASA</complemento>
    </endereco>
    <responsavel>
      <identificacao>
        <numeroIdentificacao>50739732838</numeroIdentificacao>
        <tipoIdentificacao>1</tipoIdentificacao>
        <nome>ERICK DA SILVA LIRA</nome>
      </identificacao>
      <contato>
        <email>erick.silva.silva@outlook.com.br</email>
      </contato>
      <endereco>
        <cep>11256665</cep>
        <numero>131</numero>
        <logradouro>RUA C</logradouro>
        <bairro>RIO DA PRAIA</bairro>
        <uf>35</uf>
        <municipio>6359</municipio>
        <complemento>CASA</complemento>
      </endereco>
    </responsavel>
    <listaCursos>
      <Curso>
        <codCurso>103901</codCurso>
        <serie>2</serie>
        <valores>
          <valorServico>1704.00</valorServico>
          <valorDescIncondicionado>0.00</valorDescIncondicionado>
        </valores>
        <tpCurso>1</tpCurso>
        <dataInicioCurso>01/07/2021</dataInicioCurso>
        <icAtivo>1</icAtivo>
      </Curso>
    </listaCursos>
  </aluno>
  <aluno>
    <identificacao>
      <numeroIdentificacao>49810725892</numeroIdentificacao>
      <tipoIdentificacao>1</tipoIdentificacao>
      <nome>ERICK GABRIEL MAGALHAES DE SOUZA</nome>
      <matricula>204452</matricula>
      <dataNascimento>11/09/2003</dataNascimento>
      <dataInicial>01/07/2021</dataInicial>
      <dataFinal>31/12/2021</dataFinal>
    </identificacao>
    <icResponsavel>1</icResponsavel>
    <icAtivo>1</icAtivo>
    <contato>
      <email>erickgabrielmagalhaes.em@gmail.com</email>
    </contato>
    <endereco>
      <cep>11730000</cep>
      <numero>12</numero>
      <logradouro>RUA PARTICULAR, A</logradouro>
      <bairro>ITAGUAI</bairro>
      <uf>35</uf>
      <municipio>31100</municipio>
    </endereco>
    <responsavel>
      <identificacao>
        <numeroIdentificacao>09794823805</numeroIdentificacao>
        <tipoIdentificacao>1</tipoIdentificacao>
        <nome>EDSON SILVA SOUZA</nome>
      </identificacao>
      <contato>
        <email>eds.souza75@gmail.com</email>
      </contato>
      <endereco>
        <cep>11730000</cep>
        <numero>12</numero>
        <logradouro>RUA PARTICULAR, A</logradouro>
        <bairro>ITAGUAI</bairro>
        <uf>35</uf>
        <municipio>31100</municipio>
      </endereco>
    </responsavel>
    <listaCursos>
      <Curso>
        <codCurso>103201</codCurso>
        <serie>2</serie>
        <valores>
          <valorServico>1297.00</valorServico>
          <valorDescIncondicionado>0.00</valorDescIncondicionado>
        </valores>
        <tpCurso>1</tpCurso>
        <dataInicioCurso>01/07/2021</dataInicioCurso>
        <icAtivo>1</icAtivo>
      </Curso>
    </listaCursos>
  </aluno>
  <aluno>
    <identificacao>
      <numeroIdentificacao>46726884885</numeroIdentificacao>
      <tipoIdentificacao>1</tipoIdentificacao>
      <nome>ERICK GONCALVES NUNES</nome>
      <matricula>167553</matricula>
      <dataNascimento>19/11/1998</dataNascimento>
      <dataInicial>01/07/2021</dataInicial>
      <dataFinal>31/12/2021</dataFinal>
    </identificacao>
    <icResponsavel>1</icResponsavel>
    <icAtivo>1</icAtivo>
    <contato>
      <email>cire.erick@hotmail.com</email>
    </contato>
    <endereco>
      <cep>11360200</cep>
      <numero>91</numero>
      <logradouro>AV.SENADOR SALGADO FILHO</logradouro>
      <bairro>PQUE SAO VICENTE</bairro>
      <uf>35</uf>
      <municipio>51009</municipio>
      <complemento>CASA 1</complemento>
    </endereco>
    <responsavel>
      <identificacao>
        <numeroIdentificacao>46726884885</numeroIdentificacao>
        <tipoIdentificacao>1</tipoIdentificacao>
        <nome>ERICK GONCALVES NUNES</nome>
      </identificacao>
      <contato>
        <email>cire.erick@hotmail.com</email>
      </contato>
      <endereco>
        <cep>11360200</cep>
        <numero>91</numero>
        <logradouro>AV.SENADOR SALGADO FILHO</logradouro>
        <bairro>PQUE SAO VICENTE</bairro>
        <uf>35</uf>
        <municipio>51009</municipio>
        <complemento>CASA 1</complemento>
      </endereco>
    </responsavel>
    <listaCursos>
      <Curso>
        <codCurso>104701</codCurso>
        <serie>7</serie>
        <valores>
          <valorServico>1704.00</valorServico>
          <valorDescIncondicionado>1704.00</valorDescIncondicionado>
        </valores>
        <tpCurso>1</tpCurso>
        <dataInicioCurso>01/07/2021</dataInicioCurso>
        <icAtivo>1</icAtivo>
      </Curso>
    </listaCursos>
  </aluno>
  <aluno>
    <identificacao>
      <numeroIdentificacao>47246076883</numeroIdentificacao>
      <tipoIdentificacao>1</tipoIdentificacao>
      <nome>ERICK MEDINA GOMES DA SILVA</nome>
      <matricula>159185</matricula>
      <dataNascimento>31/07/1999</dataNascimento>
      <dataInicial>01/07/2021</dataInicial>
      <dataFinal>31/12/2021</dataFinal>
    </identificacao>
    <icResponsavel>1</icResponsavel>
    <icAtivo>1</icAtivo>
    <contato>
      <email>erick_medina_gomes1999@outlook.com</email>
    </contato>
    <endereco>
      <cep>11718050</cep>
      <numero>817</numero>
      <logradouro>RUA FRANCISCO CONRADO DOS SANTOS</logradouro>
      <bairro>ANHANGUERA</bairro>
      <uf>35</uf>
      <municipio>41000</municipio>
      <complemento>CASA</complemento>
    </endereco>
    <responsavel>
      <identificacao>
        <numeroIdentificacao>47246076883</numeroIdentificacao>
        <tipoIdentificacao>1</tipoIdentificacao>
        <nome>ERICK MEDINA GOMES DA SILVA</nome>
      </identificacao>
      <contato>
        <email>erick_medina_gomes1999@outlook.com</email>
      </contato>
      <endereco>
        <cep>11718050</cep>
        <numero>817</numero>
        <logradouro>RUA FRANCISCO CONRADO DOS SANTOS</logradouro>
        <bairro>ANHANGUERA</bairro>
        <uf>35</uf>
        <municipio>41000</municipio>
        <complemento>CASA</complemento>
      </endereco>
    </responsavel>
    <listaCursos>
      <Curso>
        <codCurso>103901</codCurso>
        <serie>6</serie>
        <valores>
          <valorServico>1704.00</valorServico>
          <valorDescIncondicionado>0.00</valorDescIncondicionado>
        </valores>
        <tpCurso>1</tpCurso>
        <dataInicioCurso>01/07/2021</dataInicioCurso>
        <icAtivo>1</icAtivo>
      </Curso>
    </listaCursos>
  </aluno>
  <aluno>
    <identificacao>
      <numeroIdentificacao>46274181830</numeroIdentificacao>
      <tipoIdentificacao>1</tipoIdentificacao>
      <nome>ERICK SOUSA DA SILVA</nome>
      <matricula>174681</matricula>
      <dataNascimento>24/02/2000</dataNascimento>
      <dataInicial>01/07/2021</dataInicial>
      <dataFinal>31/12/2021</dataFinal>
    </identificacao>
    <icResponsavel>1</icResponsavel>
    <icAtivo>1</icAtivo>
    <contato>
      <email>erickericksousa@gmail.com</email>
    </contato>
    <endereco>
      <cep>11724710</cep>
      <numero>85</numero>
      <logradouro>TRAVESSA D</logradouro>
      <bairro>TUPIRY</bairro>
      <uf>35</uf>
      <municipio>41000</municipio>
      <complemento>CASA</complemento>
    </endereco>
    <responsavel>
      <identificacao>
        <numeroIdentificacao>46274181830</numeroIdentificacao>
        <tipoIdentificacao>1</tipoIdentificacao>
        <nome>ERICK SOUSA DA SILVA</nome>
      </identificacao>
      <contato>
        <email>erickericksousa@gmail.com</email>
      </contato>
      <endereco>
        <cep>11724710</cep>
        <numero>85</numero>
        <logradouro>TRAVESSA D</logradouro>
        <bairro>TUPIRY</bairro>
        <uf>35</uf>
        <municipio>41000</municipio>
        <complemento>CASA</complemento>
      </endereco>
    </responsavel>
    <listaCursos>
      <Curso>
        <codCurso>107101</codCurso>
        <serie>1</serie>
        <valores>
          <valorServico>1090.00</valorServico>
          <valorDescIncondicionado>0.00</valorDescIncondicionado>
        </valores>
        <tpCurso>1</tpCurso>
        <dataInicioCurso>01/07/2021</dataInicioCurso>
        <icAtivo>1</icAtivo>
      </Curso>
    </listaCursos>
  </aluno>
  <aluno>
    <identificacao>
      <numeroIdentificacao>48222853830</numeroIdentificacao>
      <tipoIdentificacao>1</tipoIdentificacao>
      <nome>ERICK VINICIUS SOARES SOUZA</nome>
      <matricula>148084</matricula>
      <dataNascimento>03/11/1998</dataNascimento>
      <dataInicial>01/07/2021</dataInicial>
      <dataFinal>31/12/2021</dataFinal>
    </identificacao>
    <icResponsavel>1</icResponsavel>
    <icAtivo>1</icAtivo>
    <contato>
      <email>erick_conquer@hotmail.com</email>
    </contato>
    <endereco>
      <cep>11340150</cep>
      <numero>62</numero>
      <logradouro>Rua Nicolino Simone</logradouro>
      <bairro>Parque Sao Vicente</bairro>
      <uf>35</uf>
      <municipio>51009</municipio>
      <complemento>AP. 34</complemento>
    </endereco>
    <responsavel>
      <identificacao>
        <numeroIdentificacao>48222853830</numeroIdentificacao>
        <tipoIdentificacao>1</tipoIdentificacao>
        <nome>ERICK VINICIUS SOARES SOUZA</nome>
      </identificacao>
      <contato>
        <email>erick_conquer@hotmail.com</email>
      </contato>
      <endereco>
        <cep>11340150</cep>
        <numero>62</numero>
        <logradouro>Rua Nicolino Simone</logradouro>
        <bairro>Parque Sao Vicente</bairro>
        <uf>35</uf>
        <municipio>51009</municipio>
        <complemento>AP. 34</complemento>
      </endereco>
    </responsavel>
    <listaCursos>
      <Curso>
        <codCurso>104901</codCurso>
        <serie>8</serie>
        <valores>
          <valorServico>1706.00</valorServico>
          <valorDescIncondicionado>0.00</valorDescIncondicionado>
        </valores>
        <tpCurso>1</tpCurso>
        <dataInicioCurso>01/07/2021</dataInicioCurso>
        <icAtivo>1</icAtivo>
      </Curso>
    </listaCursos>
  </aluno>
  <aluno>
    <identificacao>
      <numeroIdentificacao>47652009812</numeroIdentificacao>
      <tipoIdentificacao>1</tipoIdentificacao>
      <nome>ERICKA BARBOSA FERREIRA</nome>
      <matricula>176456</matricula>
      <dataNascimento>03/01/2001</dataNascimento>
      <dataInicial>01/07/2021</dataInicial>
      <dataFinal>31/12/2021</dataFinal>
    </identificacao>
    <icResponsavel>1</icResponsavel>
    <icAtivo>1</icAtivo>
    <contato>
      <email>erickamaster01@gmail.com</email>
    </contato>
    <endereco>
      <cep>11015250</cep>
      <numero>86</numero>
      <logradouro>AV. ALM. TAMANDARE</logradouro>
      <bairro>MACUCO</bairro>
      <uf>35</uf>
      <municipio>3548500</municipio>
      <complemento>BL B AP 06</complemento>
    </endereco>
    <responsavel>
      <identificacao>
        <numeroIdentificacao>47652009812</numeroIdentificacao>
        <tipoIdentificacao>1</tipoIdentificacao>
        <nome>ERICKA BARBOSA FERREIRA</nome>
      </identificacao>
      <contato>
        <email>erickamaster01@gmail.com</email>
      </contato>
      <endereco>
        <cep>11015250</cep>
        <numero>86</numero>
        <logradouro>AV. ALM. TAMANDARE</logradouro>
        <bairro>MACUCO</bairro>
        <uf>35</uf>
        <municipio>3548500</municipio>
        <complemento>BL B AP 06</complemento>
      </endereco>
    </responsavel>
    <listaCursos>
      <Curso>
        <codCurso>103901</codCurso>
        <serie>6</serie>
        <valores>
          <valorServico>1704.00</valorServico>
          <valorDescIncondicionado>1704.00</valorDescIncondicionado>
        </valores>
        <tpCurso>1</tpCurso>
        <dataInicioCurso>01/07/2021</dataInicioCurso>
        <icAtivo>1</icAtivo>
      </Curso>
    </listaCursos>
  </aluno>
  <aluno>
    <identificacao>
      <numeroIdentificacao>46517811877</numeroIdentificacao>
      <tipoIdentificacao>1</tipoIdentificacao>
      <nome>ERICKA DA SILVA RODRIGUES</nome>
      <matricula>186180</matricula>
      <dataNascimento>29/11/2001</dataNascimento>
      <dataInicial>01/07/2021</dataInicial>
      <dataFinal>31/12/2021</dataFinal>
    </identificacao>
    <icResponsavel>1</icResponsavel>
    <icAtivo>1</icAtivo>
    <contato>
      <email>leca2040@hotmail.com</email>
    </contato>
    <endereco>
      <cep>11346100</cep>
      <numero>551 FD</numero>
      <logradouro>PREF.RODOLPHO MIKULASCH</logradouro>
      <bairro>PQ DAS BANDEIRAS</bairro>
      <uf>35</uf>
      <municipio>51009</municipio>
      <complemento>FUNDO</complemento>
    </endereco>
    <responsavel>
      <identificacao>
        <numeroIdentificacao>04475118824</numeroIdentificacao>
        <tipoIdentificacao>1</tipoIdentificacao>
        <nome>VLADIMIR SILVA RODRIGUES</nome>
      </identificacao>
      <contato>
        <email>vladirs@hotmail.com.br</email>
      </contato>
      <endereco>
        <cep>11346100</cep>
        <numero>551 FD</numero>
        <logradouro>PREF.RODOLPHO MIKULASCH</logradouro>
        <bairro>PQ DAS BANDEIRAS</bairro>
        <uf>35</uf>
        <municipio>51009</municipio>
        <complemento>FUNDO</complemento>
      </endereco>
    </responsavel>
    <listaCursos>
      <Curso>
        <codCurso>103001</codCurso>
        <serie>4</serie>
        <valores>
          <valorServico>3274.00</valorServico>
          <valorDescIncondicionado>654.80</valorDescIncondicionado>
        </valores>
        <tpCurso>1</tpCurso>
        <dataInicioCurso>01/07/2021</dataInicioCurso>
        <icAtivo>1</icAtivo>
      </Curso>
    </listaCursos>
  </aluno>
  <aluno>
    <identificacao>
      <numeroIdentificacao>28611176804</numeroIdentificacao>
      <tipoIdentificacao>1</tipoIdentificacao>
      <nome>ERICO BARZAN DE MATTOS AMARAL</nome>
      <matricula>063676</matricula>
      <dataNascimento>25/08/1979</dataNascimento>
      <dataInicial>01/07/2021</dataInicial>
      <dataFinal>31/12/2021</dataFinal>
    </identificacao>
    <icResponsavel>1</icResponsavel>
    <icAtivo>1</icAtivo>
    <contato>
      <email>ericobarzan.unisanta@gmail.com</email>
    </contato>
    <endereco>
      <cep>11410001</cep>
      <numero>169</numero>
      <logradouro>AVENIDA PUGLISI</logradouro>
      <bairro>CENTRO</bairro>
      <uf>35</uf>
      <municipio>18701</municipio>
      <complemento>25</complemento>
    </endereco>
    <responsavel>
      <identificacao>
        <numeroIdentificacao>28611176804</numeroIdentificacao>
        <tipoIdentificacao>1</tipoIdentificacao>
        <nome>ERICO BARZAN DE MATTOS AMARAL</nome>
      </identificacao>
      <contato>
        <email>admbarzan@gmail.com</email>
      </contato>
      <endereco>
        <cep>11410001</cep>
        <numero>169</numero>
        <logradouro>AVENIDA PUGLISI</logradouro>
        <bairro>CENTRO</bairro>
        <uf>35</uf>
        <municipio>18701</municipio>
        <complemento>25</complemento>
      </endereco>
    </responsavel>
    <listaCursos>
      <Curso>
        <codCurso>101801</codCurso>
        <serie>4</serie>
        <valores>
          <valorServico>1342.00</valorServico>
          <valorDescIncondicionado>268.40</valorDescIncondicionado>
        </valores>
        <tpCurso>1</tpCurso>
        <dataInicioCurso>01/07/2021</dataInicioCurso>
        <icAtivo>1</icAtivo>
      </Curso>
    </listaCursos>
  </aluno>
  <aluno>
    <identificacao>
      <numeroIdentificacao>42429247801</numeroIdentificacao>
      <tipoIdentificacao>1</tipoIdentificacao>
      <nome>ERIKA BARROS SANTOS DE OLIVEIRA</nome>
      <matricula>204590</matricula>
      <dataNascimento>04/06/1998</dataNascimento>
      <dataInicial>01/07/2021</dataInicial>
      <dataFinal>31/12/2021</dataFinal>
    </identificacao>
    <icResponsavel>1</icResponsavel>
    <icAtivo>1</icAtivo>
    <contato>
      <email>erika_barros1@hotmail.com</email>
    </contato>
    <endereco>
      <cep>11330330</cep>
      <numero>1507</numero>
      <logradouro>RUA TRES</logradouro>
      <bairro>VILA MARGARIDA</bairro>
      <uf>35</uf>
      <municipio>51009</municipio>
      <complemento>CASA</complemento>
    </endereco>
    <responsavel>
      <identificacao>
        <numeroIdentificacao>42429247801</numeroIdentificacao>
        <tipoIdentificacao>1</tipoIdentificacao>
        <nome>ERIKA BARROS SANTOS DE OLIVEIRA</nome>
      </identificacao>
      <contato>
        <email>erika_barros1@hotmail.com</email>
      </contato>
      <endereco>
        <cep>11330330</cep>
        <numero>1507</numero>
        <logradouro>RUA TRES</logradouro>
        <bairro>VILA MARGARIDA</bairro>
        <uf>35</uf>
        <municipio>51009</municipio>
        <complemento>CASA</complemento>
      </endereco>
    </responsavel>
    <listaCursos>
      <Curso>
        <codCurso>103301</codCurso>
        <serie>2</serie>
        <valores>
          <valorServico>2008.00</valorServico>
          <valorDescIncondicionado>200.80</valorDescIncondicionado>
        </valores>
        <tpCurso>1</tpCurso>
        <dataInicioCurso>01/07/2021</dataInicioCurso>
        <icAtivo>1</icAtivo>
      </Curso>
    </listaCursos>
  </aluno>
  <aluno>
    <identificacao>
      <numeroIdentificacao>49647240856</numeroIdentificacao>
      <tipoIdentificacao>1</tipoIdentificacao>
      <nome>ERIKA BASTOS RIOS DA SILVA</nome>
      <matricula>140037</matricula>
      <dataNascimento>18/05/1997</dataNascimento>
      <dataInicial>01/07/2021</dataInicial>
      <dataFinal>31/12/2021</dataFinal>
    </identificacao>
    <icResponsavel>1</icResponsavel>
    <icAtivo>1</icAtivo>
    <contato>
      <email>erikabastos18@gmail.com</email>
    </contato>
    <endereco>
      <cep>11030540</cep>
      <numero>125</numero>
      <logradouro>RUA BASSIN NAGIB TRABULSI, 125</logradouro>
      <bairro>PONTA DA PRAIA</bairro>
      <uf>35</uf>
      <municipio>48500</municipio>
      <complemento>AP 64</complemento>
    </endereco>
    <responsavel>
      <identificacao>
        <numeroIdentificacao>49647240856</numeroIdentificacao>
        <tipoIdentificacao>1</tipoIdentificacao>
        <nome>ERIKA BASTOS RIOS DA SILVA</nome>
      </identificacao>
      <contato>
        <email>erikabastos18@gmail.com</email>
      </contato>
      <endereco>
        <cep>11030540</cep>
        <numero>125</numero>
        <logradouro>RUA BASSIN NAGIB TRABULSI, 125</logradouro>
        <bairro>PONTA DA PRAIA</bairro>
        <uf>35</uf>
        <municipio>48500</municipio>
        <complemento>AP 64</complemento>
      </endereco>
    </responsavel>
    <listaCursos>
      <Curso>
        <codCurso>101502</codCurso>
        <serie>8</serie>
        <valores>
          <valorServico>1636.00</valorServico>
          <valorDescIncondicionado>0.00</valorDescIncondicionado>
        </valores>
        <tpCurso>1</tpCurso>
        <dataInicioCurso>01/07/2021</dataInicioCurso>
        <icAtivo>1</icAtivo>
      </Curso>
    </listaCursos>
  </aluno>
  <aluno>
    <identificacao>
      <numeroIdentificacao>39353884896</numeroIdentificacao>
      <tipoIdentificacao>1</tipoIdentificacao>
      <nome>ERIKA ELLEN DE OLIVEIRA GONCALVES MOREIRA</nome>
      <matricula>131072</matricula>
      <dataNascimento>30/05/1994</dataNascimento>
      <dataInicial>01/07/2021</dataInicial>
      <dataFinal>31/12/2021</dataFinal>
    </identificacao>
    <icResponsavel>1</icResponsavel>
    <icAtivo>1</icAtivo>
    <contato>
      <email>erikaellen94@gmail.com</email>
    </contato>
    <endereco>
      <cep>11534070</cep>
      <numero>36</numero>
      <logradouro>RUA MANOEL FLORENCIO DA SILVA</logradouro>
      <bairro>JD. NOVA REPUBLICA</bairro>
      <uf>35</uf>
      <municipio>13504</municipio>
    </endereco>
    <responsavel>
      <identificacao>
        <numeroIdentificacao>39353884896</numeroIdentificacao>
        <tipoIdentificacao>1</tipoIdentificacao>
        <nome>ERIKA ELLEN DE OLIVEIRA GONCALVES MOREIRA</nome>
      </identificacao>
      <contato>
        <email>ERIKAELLEN94@GMAIL.COM</email>
      </contato>
      <endereco>
        <cep>11534070</cep>
        <numero>36</numero>
        <logradouro>RUA MANOEL FLORENCIO DA SILVA</logradouro>
        <bairro>JD. NOVA REPUBLICA</bairro>
        <uf>35</uf>
        <municipio>13504</municipio>
      </endereco>
    </responsavel>
    <listaCursos>
      <Curso>
        <codCurso>104901</codCurso>
        <serie>8</serie>
        <valores>
          <valorServico>1706.00</valorServico>
          <valorDescIncondicionado>0.00</valorDescIncondicionado>
        </valores>
        <tpCurso>1</tpCurso>
        <dataInicioCurso>01/07/2021</dataInicioCurso>
        <icAtivo>1</icAtivo>
      </Curso>
    </listaCursos>
  </aluno>
  <aluno>
    <identificacao>
      <numeroIdentificacao>32281698807</numeroIdentificacao>
      <tipoIdentificacao>1</tipoIdentificacao>
      <nome>ERIKA FONTOURA RATTI</nome>
      <matricula>065677</matricula>
      <dataNascimento>28/04/1983</dataNascimento>
      <dataInicial>01/07/2021</dataInicial>
      <dataFinal>31/12/2021</dataFinal>
    </identificacao>
    <icResponsavel>1</icResponsavel>
    <icAtivo>1</icAtivo>
    <contato>
      <email>fontoura.kika@gmail.com</email>
    </contato>
    <endereco>
      <cep>11706220</cep>
      <numero>428</numero>
      <logradouro>RUA: CATARINA BANDEIRA,</logradouro>
      <bairro>VILA CAICARA</bairro>
      <uf>35</uf>
      <municipio>41000</municipio>
      <complemento />
    </endereco>
    <responsavel>
      <identificacao>
        <numeroIdentificacao>32281698807</numeroIdentificacao>
        <tipoIdentificacao>1</tipoIdentificacao>
        <nome>ERIKA FONTOURA LUCIO DA SILVA</nome>
      </identificacao>
      <contato>
        <email>erika.fontoura@ig.com.br</email>
      </contato>
      <endereco>
        <cep>11706220</cep>
        <numero>428</numero>
        <logradouro>RUA: CATARINA BANDEIRA,</logradouro>
        <bairro>VILA CAICARA</bairro>
        <uf>35</uf>
        <municipio>41000</municipio>
        <complemento />
      </endereco>
    </responsavel>
    <listaCursos>
      <Curso>
        <codCurso>103001</codCurso>
        <serie>2</serie>
        <valores>
          <valorServico>3274.00</valorServico>
          <valorDescIncondicionado>0.00</valorDescIncondicionado>
        </valores>
        <tpCurso>1</tpCurso>
        <dataInicioCurso>01/07/2021</dataInicioCurso>
        <icAtivo>1</icAtivo>
      </Curso>
    </listaCursos>
  </aluno>
  <aluno>
    <identificacao>
      <numeroIdentificacao>39700354814</numeroIdentificacao>
      <tipoIdentificacao>1</tipoIdentificacao>
      <nome>ERIKA PANCA SEABRA</nome>
      <matricula>213172</matricula>
      <dataNascimento>05/04/1996</dataNascimento>
      <dataInicial>01/07/2021</dataInicial>
      <dataFinal>31/12/2021</dataFinal>
    </identificacao>
    <icResponsavel>1</icResponsavel>
    <icAtivo>1</icAtivo>
    <contato>
      <email>erikapancagm@gmail.com</email>
    </contato>
    <endereco>
      <cep>11714420</cep>
      <numero>498</numero>
      <logradouro>AVENIDA JOAQUIM NORBERTO DE SOUZA E SILVA</logradouro>
      <bairro>JARDIM TREVO</bairro>
      <uf>35</uf>
      <municipio>41000</municipio>
      <complemento>CASA 4</complemento>
    </endereco>
    <responsavel>
      <identificacao>
        <numeroIdentificacao>39700354814</numeroIdentificacao>
        <tipoIdentificacao>1</tipoIdentificacao>
        <nome>ERIKA PANCA SEABRA</nome>
      </identificacao>
      <contato>
        <email>erikapancagm@gmail.com</email>
      </contato>
      <endereco>
        <cep>11714420</cep>
        <numero>498</numero>
        <logradouro>AVENIDA JOAQUIM NORBERTO DE SOUZA E SILVA</logradouro>
        <bairro>JARDIM TREVO</bairro>
        <uf>35</uf>
        <municipio>41000</municipio>
        <complemento>CASA 4</complemento>
      </endereco>
    </responsavel>
    <listaCursos>
      <Curso>
        <codCurso>100901</codCurso>
        <serie>4</serie>
        <valores>
          <valorServico>1116.00</valorServico>
          <valorDescIncondicionado>0.00</valorDescIncondicionado>
        </valores>
        <tpCurso>1</tpCurso>
        <dataInicioCurso>01/07/2021</dataInicioCurso>
        <icAtivo>1</icAtivo>
      </Curso>
    </listaCursos>
  </aluno>
  <aluno>
    <identificacao>
      <numeroIdentificacao>29586352870</numeroIdentificacao>
      <tipoIdentificacao>1</tipoIdentificacao>
      <nome>ERIKA PATRICIA PEREIRA BULGARELLI</nome>
      <matricula>207081</matricula>
      <dataNascimento>09/12/1980</dataNascimento>
      <dataInicial>01/07/2021</dataInicial>
      <dataFinal>31/12/2021</dataFinal>
    </identificacao>
    <icResponsavel>1</icResponsavel>
    <icAtivo>1</icAtivo>
    <contato>
      <email>erika-bulga@hotmail.com</email>
    </contato>
    <endereco>
      <cep>11713125</cep>
      <numero>5780</numero>
      <logradouro>RUA HELIO OITICICA</logradouro>
      <bairro>SAMAMBAIA </bairro>
      <uf>35</uf>
      <municipio>41000</municipio>
    </endereco>
    <responsavel>
      <identificacao>
        <numeroIdentificacao>29586352870</numeroIdentificacao>
        <tipoIdentificacao>1</tipoIdentificacao>
        <nome>ERIKA PATRICIA PEREIRA BULGARELLI</nome>
      </identificacao>
      <contato>
        <email>erika-bulga@hotmail.com</email>
      </contato>
      <endereco>
        <cep>11713125</cep>
        <numero>5780</numero>
        <logradouro>RUA HELIO OITICICA</logradouro>
        <bairro>SAMAMBAIA </bairro>
        <uf>35</uf>
        <municipio>41000</municipio>
      </endereco>
    </responsavel>
    <listaCursos>
      <Curso>
        <codCurso>104901</codCurso>
        <serie>4</serie>
        <valores>
          <valorServico>1706.00</valorServico>
          <valorDescIncondicionado>0.00</valorDescIncondicionado>
        </valores>
        <tpCurso>1</tpCurso>
        <dataInicioCurso>01/07/2021</dataInicioCurso>
        <icAtivo>1</icAtivo>
      </Curso>
    </listaCursos>
  </aluno>
  <aluno>
    <identificacao>
      <numeroIdentificacao>51212421825</numeroIdentificacao>
      <tipoIdentificacao>1</tipoIdentificacao>
      <nome>EROS FREIRE DE SOUSA PAULINO</nome>
      <matricula>173794</matricula>
      <dataNascimento>08/09/2001</dataNascimento>
      <dataInicial>01/07/2021</dataInicial>
      <dataFinal>31/12/2021</dataFinal>
    </identificacao>
    <icResponsavel>1</icResponsavel>
    <icAtivo>1</icAtivo>
    <contato>
      <email>erosfreire@hotmail.com</email>
    </contato>
    <endereco>
      <cep>11075660</cep>
      <numero>215</numero>
      <logradouro>RUA EVARISTO DA VEIGA</logradouro>
      <bairro>CAMPO GRANDE</bairro>
      <uf>35</uf>
      <municipio>3548500</municipio>
      <complemento>APT 33</complemento>
    </endereco>
    <responsavel>
      <identificacao>
        <numeroIdentificacao>13371889807</numeroIdentificacao>
        <tipoIdentificacao>1</tipoIdentificacao>
        <nome>PATRICIA AUGUSTA FONSECA FREIRE</nome>
      </identificacao>
      <contato>
        <email>nfse@unisanta.br</email>
      </contato>
      <endereco>
        <cep>11075660</cep>
        <numero>215</numero>
        <logradouro>RUA EVARISTO DA VEIGA</logradouro>
        <bairro>CAMPO GRANDE</bairro>
        <uf>35</uf>
        <municipio>3548500</municipio>
        <complemento>APT 33</complemento>
      </endereco>
    </responsavel>
    <listaCursos>
      <Curso>
        <codCurso>100102</codCurso>
        <serie>6</serie>
        <valores>
          <valorServico>1349.00</valorServico>
          <valorDescIncondicionado>404.70</valorDescIncondicionado>
        </valores>
        <tpCurso>1</tpCurso>
        <dataInicioCurso>01/07/2021</dataInicioCurso>
        <icAtivo>1</icAtivo>
      </Curso>
    </listaCursos>
  </aluno>
  <aluno>
    <identificacao>
      <numeroIdentificacao>46009768861</numeroIdentificacao>
      <tipoIdentificacao>1</tipoIdentificacao>
      <nome>ESTEFANY GALDINO DOS SANTOS</nome>
      <matricula>171951</matricula>
      <dataNascimento>20/03/1999</dataNascimento>
      <dataInicial>01/07/2021</dataInicial>
      <dataFinal>31/12/2021</dataFinal>
    </identificacao>
    <icResponsavel>1</icResponsavel>
    <icAtivo>1</icAtivo>
    <contato>
      <email>estefanygaldinoeg@gmail.com</email>
    </contato>
    <endereco>
      <cep>11431170</cep>
      <numero>478</numero>
      <logradouro>RUA JOSEFINA SORIO</logradouro>
      <bairro>VILA SANTA ROSA</bairro>
      <uf>35</uf>
      <municipio>18701</municipio>
      <complemento>CASA</complemento>
    </endereco>
    <responsavel>
      <identificacao>
        <numeroIdentificacao>19755009892</numeroIdentificacao>
        <tipoIdentificacao>1</tipoIdentificacao>
        <nome>EDMILSON  GALDINO  DOS  SANTOS  FILHO</nome>
      </identificacao>
      <contato>
        <email>estefanygaldinoeg@gmail.com</email>
      </contato>
      <endereco>
        <cep>11431170</cep>
        <numero>478</numero>
        <logradouro>RUA JOSEFINA SORIO</logradouro>
        <bairro>VILA SANTA ROSA</bairro>
        <uf>35</uf>
        <municipio>18701</municipio>
        <complemento>CASA</complemento>
      </endereco>
    </responsavel>
    <listaCursos>
      <Curso>
        <codCurso>102301</codCurso>
        <serie>6</serie>
        <valores>
          <valorServico>1797.00</valorServico>
          <valorDescIncondicionado>0.00</valorDescIncondicionado>
        </valores>
        <tpCurso>1</tpCurso>
        <dataInicioCurso>01/07/2021</dataInicioCurso>
        <icAtivo>1</icAtivo>
      </Curso>
    </listaCursos>
  </aluno>
  <aluno>
    <identificacao>
      <numeroIdentificacao>47695036870</numeroIdentificacao>
      <tipoIdentificacao>1</tipoIdentificacao>
      <nome>ESTELLA SANTOS PEREIRA</nome>
      <matricula>211610</matricula>
      <dataNascimento>14/05/1999</dataNascimento>
      <dataInicial>01/07/2021</dataInicial>
      <dataFinal>31/12/2021</dataFinal>
    </identificacao>
    <icResponsavel>1</icResponsavel>
    <icAtivo>1</icAtivo>
    <contato>
      <email>estellaspereira@gmail.com</email>
    </contato>
    <endereco>
      <cep>11360280</cep>
      <numero>794</numero>
      <logradouro>RUA DOM DUARTE DA COSTA</logradouro>
      <bairro>VILA JOCKEI CLUBE</bairro>
      <uf>35</uf>
      <municipio>51009</municipio>
      <complemento>FUNDOS ALTOS CASA 2</complemento>
    </endereco>
    <responsavel>
      <identificacao>
        <numeroIdentificacao>47695036870</numeroIdentificacao>
        <tipoIdentificacao>1</tipoIdentificacao>
        <nome>ESTELLA SANTOS PEREIRA</nome>
      </identificacao>
      <contato>
        <email>estellaspereira@gmail.com</email>
      </contato>
      <endereco>
        <cep>11360280</cep>
        <numero>794</numero>
        <logradouro>RUA DOM DUARTE DA COSTA</logradouro>
        <bairro>VILA JOCKEI CLUBE</bairro>
        <uf>35</uf>
        <municipio>51009</municipio>
        <complemento>FUNDOS ALTOS CASA 2</complemento>
      </endereco>
    </responsavel>
    <listaCursos>
      <Curso>
        <codCurso>100102</codCurso>
        <serie>1</serie>
        <valores>
          <valorServico>1349.00</valorServico>
          <valorDescIncondicionado>0.00</valorDescIncondicionado>
        </valores>
        <tpCurso>1</tpCurso>
        <dataInicioCurso>01/07/2021</dataInicioCurso>
        <icAtivo>1</icAtivo>
      </Curso>
    </listaCursos>
  </aluno>
  <aluno>
    <identificacao>
      <numeroIdentificacao>48693978896</numeroIdentificacao>
      <tipoIdentificacao>1</tipoIdentificacao>
      <nome>ESTEPHANI APARECIDA RAGAZZI</nome>
      <matricula>185566</matricula>
      <dataNascimento>08/02/2002</dataNascimento>
      <dataInicial>01/07/2021</dataInicial>
      <dataFinal>31/12/2021</dataFinal>
    </identificacao>
    <icResponsavel>1</icResponsavel>
    <icAtivo>1</icAtivo>
    <contato>
      <email>estephani.ragazzi97@gmail.com</email>
    </contato>
    <endereco>
      <cep>11348180</cep>
      <numero>65</numero>
      <logradouro>RUA  ANTONIO F DOS REIS </logradouro>
      <bairro>PARQUE CONTINENTAL</bairro>
      <uf>35</uf>
      <municipio>51009</municipio>
    </endereco>
    <responsavel>
      <identificacao>
        <numeroIdentificacao>30342666851</numeroIdentificacao>
        <tipoIdentificacao>1</tipoIdentificacao>
        <nome>DILEIMAR APARECIDA FERRUDA RAGAZZI</nome>
      </identificacao>
      <contato>
        <email>nfse@unisanta.br</email>
      </contato>
      <endereco>
        <cep>11348180</cep>
        <numero>65</numero>
        <logradouro>RUA  ANTONIO F DOS REIS </logradouro>
        <bairro>PARQUE CONTINENTAL</bairro>
        <uf>35</uf>
        <municipio>51009</municipio>
      </endereco>
    </responsavel>
    <listaCursos>
      <Curso>
        <codCurso>104901</codCurso>
        <serie>4</serie>
        <valores>
          <valorServico>1706.00</valorServico>
          <valorDescIncondicionado>0.00</valorDescIncondicionado>
        </valores>
        <tpCurso>1</tpCurso>
        <dataInicioCurso>01/07/2021</dataInicioCurso>
        <icAtivo>1</icAtivo>
      </Curso>
    </listaCursos>
  </aluno>
  <aluno>
    <identificacao>
      <numeroIdentificacao>46323391805</numeroIdentificacao>
      <tipoIdentificacao>1</tipoIdentificacao>
      <nome>ESTER FRANCA RAMOS</nome>
      <matricula>183141</matricula>
      <dataNascimento>26/11/1999</dataNascimento>
      <dataInicial>01/07/2021</dataInicial>
      <dataFinal>31/12/2021</dataFinal>
    </identificacao>
    <icResponsavel>1</icResponsavel>
    <icAtivo>1</icAtivo>
    <contato>
      <email>esteerramoss@gmail.com</email>
    </contato>
    <endereco>
      <cep>11310060</cep>
      <numero>5</numero>
      <logradouro>RUA DEZESSETE</logradouro>
      <bairro>JARDIM RIO BRANCO</bairro>
      <uf>35</uf>
      <municipio>51009</municipio>
      <complemento>CASA 02</complemento>
    </endereco>
    <responsavel>
      <identificacao>
        <numeroIdentificacao>46323391805</numeroIdentificacao>
        <tipoIdentificacao>1</tipoIdentificacao>
        <nome>ESTER FRANCA RAMOS</nome>
      </identificacao>
      <contato>
        <email>esteerramoss@gmail.com</email>
      </contato>
      <endereco>
        <cep>11310060</cep>
        <numero>5</numero>
        <logradouro>RUA DEZESSETE</logradouro>
        <bairro>JARDIM RIO BRANCO</bairro>
        <uf>35</uf>
        <municipio>51009</municipio>
        <complemento>CASA 02</complemento>
      </endereco>
    </responsavel>
    <listaCursos>
      <Curso>
        <codCurso>103201</codCurso>
        <serie>6</serie>
        <valores>
          <valorServico>1297.00</valorServico>
          <valorDescIncondicionado>778.20</valorDescIncondicionado>
        </valores>
        <tpCurso>1</tpCurso>
        <dataInicioCurso>01/07/2021</dataInicioCurso>
        <icAtivo>1</icAtivo>
      </Curso>
    </listaCursos>
  </aluno>
  <aluno>
    <identificacao>
      <numeroIdentificacao>47284744880</numeroIdentificacao>
      <tipoIdentificacao>1</tipoIdentificacao>
      <nome>ESTHEFANY DIAS  CARNEIRO DOS SANTOS</nome>
      <matricula>185953</matricula>
      <dataNascimento>01/09/2000</dataNascimento>
      <dataInicial>01/07/2021</dataInicial>
      <dataFinal>31/12/2021</dataFinal>
    </identificacao>
    <icResponsavel>1</icResponsavel>
    <icAtivo>1</icAtivo>
    <contato>
      <email>estherippi01@gmail.com</email>
    </contato>
    <endereco>
      <cep>11443000</cep>
      <numero>586</numero>
      <logradouro>RUA AUREO GUENAGA DE CASTRO</logradouro>
      <bairro>PARQUE ENSEADA</bairro>
      <uf>35</uf>
      <municipio>18701</municipio>
      <complemento>33 BL. 01</complemento>
    </endereco>
    <responsavel>
      <identificacao>
        <numeroIdentificacao>47284744880</numeroIdentificacao>
        <tipoIdentificacao>1</tipoIdentificacao>
        <nome>ESTHEFANY DIAS  CARNEIRO DOS SANTOS</nome>
      </identificacao>
      <contato>
        <email>estherippi01@gmail.com</email>
      </contato>
      <endereco>
        <cep>11443000</cep>
        <numero>586</numero>
        <logradouro>RUA AUREO GUENAGA DE CASTRO</logradouro>
        <bairro>PARQUE ENSEADA</bairro>
        <uf>35</uf>
        <municipio>18701</municipio>
        <complemento>33 BL. 01</complemento>
      </endereco>
    </responsavel>
    <listaCursos>
      <Curso>
        <codCurso>103001</codCurso>
        <serie>4</serie>
        <valores>
          <valorServico>3274.00</valorServico>
          <valorDescIncondicionado>0.00</valorDescIncondicionado>
        </valores>
        <tpCurso>1</tpCurso>
        <dataInicioCurso>01/07/2021</dataInicioCurso>
        <icAtivo>1</icAtivo>
      </Curso>
    </listaCursos>
  </aluno>
  <aluno>
    <identificacao>
      <numeroIdentificacao>44997330817</numeroIdentificacao>
      <tipoIdentificacao>1</tipoIdentificacao>
      <nome>ESTHER DE OLIVEIRA GAMA</nome>
      <matricula>150220</matricula>
      <dataNascimento>20/12/1997</dataNascimento>
      <dataInicial>01/07/2021</dataInicial>
      <dataFinal>31/12/2021</dataFinal>
    </identificacao>
    <icResponsavel>1</icResponsavel>
    <icAtivo>1</icAtivo>
    <contato>
      <email>esther_gama@outlook.com</email>
    </contato>
    <endereco>
      <cep>11495000</cep>
      <numero>842</numero>
      <logradouro>AV. ANTENOR PIMENTEL</logradouro>
      <bairro>MORRINHOS</bairro>
      <uf>35</uf>
      <municipio>18701</municipio>
      <complemento>BL. B 8 APTO. 33</complemento>
    </endereco>
    <responsavel>
      <identificacao>
        <numeroIdentificacao>44997330817</numeroIdentificacao>
        <tipoIdentificacao>1</tipoIdentificacao>
        <nome>ESTHER DE OLIVEIRA GAMA</nome>
      </identificacao>
      <contato>
        <email>esther_gama@outlook.com</email>
      </contato>
      <endereco>
        <cep>11495000</cep>
        <numero>842</numero>
        <logradouro>AV. ANTENOR PIMENTEL</logradouro>
        <bairro>MORRINHOS</bairro>
        <uf>35</uf>
        <municipio>18701</municipio>
        <complemento>BL. B 8 APTO. 33</complemento>
      </endereco>
    </responsavel>
    <listaCursos>
      <Curso>
        <codCurso>104901</codCurso>
        <serie>10</serie>
        <valores>
          <valorServico>1706.00</valorServico>
          <valorDescIncondicionado>1706.00</valorDescIncondicionado>
        </valores>
        <tpCurso>1</tpCurso>
        <dataInicioCurso>01/07/2021</dataInicioCurso>
        <icAtivo>1</icAtivo>
      </Curso>
    </listaCursos>
  </aluno>
  <aluno>
    <identificacao>
      <numeroIdentificacao>44725023809</numeroIdentificacao>
      <tipoIdentificacao>1</tipoIdentificacao>
      <nome>ESTHER DE SOUZA CHAGAS</nome>
      <matricula>178520</matricula>
      <dataNascimento>24/09/1999</dataNascimento>
      <dataInicial>01/07/2021</dataInicial>
      <dataFinal>31/12/2021</dataFinal>
    </identificacao>
    <icResponsavel>1</icResponsavel>
    <icAtivo>1</icAtivo>
    <contato>
      <email>estherschagas@hotmail.com</email>
    </contato>
    <endereco>
      <cep>11500660</cep>
      <numero>141</numero>
      <logradouro>RUA ALBERTINO ANTONIO DO COUTO</logradouro>
      <bairro>JD COSTA E SILVA</bairro>
      <uf>35</uf>
      <municipio>13504</municipio>
      <complemento />
    </endereco>
    <responsavel>
      <identificacao>
        <numeroIdentificacao>44725023809</numeroIdentificacao>
        <tipoIdentificacao>1</tipoIdentificacao>
        <nome>ESTHER DE SOUZA CHAGAS</nome>
      </identificacao>
      <contato>
        <email>estherschagas@hotmail.com</email>
      </contato>
      <endereco>
        <cep>11500660</cep>
        <numero>141</numero>
        <logradouro>RUA ALBERTINO ANTONIO DO COUTO</logradouro>
        <bairro>JD COSTA E SILVA</bairro>
        <uf>35</uf>
        <municipio>13504</municipio>
        <complemento />
      </endereco>
    </responsavel>
    <listaCursos>
      <Curso>
        <codCurso>101801</codCurso>
        <serie>6</serie>
        <valores>
          <valorServico>1342.00</valorServico>
          <valorDescIncondicionado>1342.00</valorDescIncondicionado>
        </valores>
        <tpCurso>1</tpCurso>
        <dataInicioCurso>01/07/2021</dataInicioCurso>
        <icAtivo>1</icAtivo>
      </Curso>
    </listaCursos>
  </aluno>
</importacaoAlunoEnvio>