<?xml version='1.0' encoding='UTF-8'?>
<importacaoAlunoEnvio xmlns="http://www.ginfes.com.br/tiposEducacao.xsd">
  <empresaEscola>
    <dsIm>614470</dsIm>
    <cpfCnpj>58251711000119</cpfCnpj>
  </empresaEscola>
  <aluno>
    <identificacao>
      <numeroIdentificacao>44077698820</numeroIdentificacao>
      <tipoIdentificacao>1</tipoIdentificacao>
      <nome>BRUNO NERI DE SENA CARVALHO KORIK</nome>
      <matricula>154409</matricula>
      <dataNascimento>13/09/1999</dataNascimento>
      <dataInicial>01/07/2021</dataInicial>
      <dataFinal>31/12/2021</dataFinal>
    </identificacao>
    <icResponsavel>1</icResponsavel>
    <icAtivo>1</icAtivo>
    <contato>
      <email>BRUNOKORIK@HOTMAIL.COM</email>
    </contato>
    <endereco>
      <cep>11451080</cep>
      <numero>405</numero>
      <logradouro>RUA VISCONDE DE INHAUMA</logradouro>
      <bairro>PQ ESTUARIO</bairro>
      <uf>35</uf>
      <municipio>18701</municipio>
    </endereco>
    <responsavel>
      <identificacao>
        <numeroIdentificacao>19754277850</numeroIdentificacao>
        <tipoIdentificacao>1</tipoIdentificacao>
        <nome>ANA ROSA NERI DE SENA KORIK</nome>
      </identificacao>
      <contato>
        <email>nfse@unisanta.br</email>
      </contato>
      <endereco>
        <cep>11451080</cep>
        <numero>405</numero>
        <logradouro>RUA VISCONDE DE INHAUMA</logradouro>
        <bairro>PQ ESTUARIO</bairro>
        <uf>35</uf>
        <municipio>18701</municipio>
      </endereco>
    </responsavel>
    <listaCursos>
      <Curso>
        <codCurso>104701</codCurso>
        <serie>9</serie>
        <valores>
          <valorServico>1704.00</valorServico>
          <valorDescIncondicionado>1704.00</valorDescIncondicionado>
        </valores>
        <tpCurso>1</tpCurso>
        <dataInicioCurso>01/07/2021</dataInicioCurso>
        <icAtivo>1</icAtivo>
      </Curso>
    </listaCursos>
  </aluno>
  <aluno>
    <identificacao>
      <numeroIdentificacao>47261287873</numeroIdentificacao>
      <tipoIdentificacao>1</tipoIdentificacao>
      <nome>BRUNO OTAVIO CECILIO FERREIRA</nome>
      <matricula>201652</matricula>
      <dataNascimento>13/12/2002</dataNascimento>
      <dataInicial>01/07/2021</dataInicial>
      <dataFinal>31/12/2021</dataFinal>
    </identificacao>
    <icResponsavel>1</icResponsavel>
    <icAtivo>1</icAtivo>
    <contato>
      <email>b.otavio@gmail.com</email>
    </contato>
    <endereco>
      <cep>11020150</cep>
      <numero>05</numero>
      <logradouro>RUA PROF. CAROLINA MONTEIRO RODRIGUES</logradouro>
      <bairro>ESTUARIO</bairro>
      <uf>35</uf>
      <municipio>48500</municipio>
    </endereco>
    <responsavel>
      <identificacao>
        <numeroIdentificacao>12132073805</numeroIdentificacao>
        <tipoIdentificacao>1</tipoIdentificacao>
        <nome>CLAUDIA CRISTINA CECILIO</nome>
      </identificacao>
      <contato>
        <email>nfse@unisanta.br</email>
      </contato>
      <endereco>
        <cep>11020150</cep>
        <numero>05</numero>
        <logradouro>RUA PROF. CAROLINA MONTEIRO RODRIGUES</logradouro>
        <bairro>ESTUARIO</bairro>
        <uf>35</uf>
        <municipio>48500</municipio>
      </endereco>
    </responsavel>
    <listaCursos>
      <Curso>
        <codCurso>103201</codCurso>
        <serie>2</serie>
        <valores>
          <valorServico>1297.00</valorServico>
          <valorDescIncondicionado>0.00</valorDescIncondicionado>
        </valores>
        <tpCurso>1</tpCurso>
        <dataInicioCurso>01/07/2021</dataInicioCurso>
        <icAtivo>1</icAtivo>
      </Curso>
    </listaCursos>
  </aluno>
  <aluno>
    <identificacao>
      <numeroIdentificacao>46511810828</numeroIdentificacao>
      <tipoIdentificacao>1</tipoIdentificacao>
      <nome>BRUNO PALHAS FELIX</nome>
      <matricula>131798</matricula>
      <dataNascimento>28/10/1996</dataNascimento>
      <dataInicial>01/07/2021</dataInicial>
      <dataFinal>31/12/2021</dataFinal>
    </identificacao>
    <icResponsavel>1</icResponsavel>
    <icAtivo>1</icAtivo>
    <contato>
      <email>brunofellix@hotmail.com</email>
    </contato>
    <endereco>
      <cep>11075440</cep>
      <numero>138</numero>
      <logradouro>RUA ALMIRANTE BARROSO </logradouro>
      <bairro>CAMPO GRANDE</bairro>
      <uf>35</uf>
      <municipio>48500</municipio>
      <complemento>24</complemento>
    </endereco>
    <responsavel>
      <identificacao>
        <numeroIdentificacao>46511810828</numeroIdentificacao>
        <tipoIdentificacao>1</tipoIdentificacao>
        <nome>BRUNO PALHAS FELIX</nome>
      </identificacao>
      <contato>
        <email>brunofellix@hotmail.com</email>
      </contato>
      <endereco>
        <cep>11075440</cep>
        <numero>138</numero>
        <logradouro>RUA ALMIRANTE BARROSO </logradouro>
        <bairro>CAMPO GRANDE</bairro>
        <uf>35</uf>
        <municipio>48500</municipio>
        <complemento>24</complemento>
      </endereco>
    </responsavel>
    <listaCursos>
      <Curso>
        <codCurso>102301</codCurso>
        <serie>2</serie>
        <valores>
          <valorServico>1797.00</valorServico>
          <valorDescIncondicionado>718.80</valorDescIncondicionado>
        </valores>
        <tpCurso>1</tpCurso>
        <dataInicioCurso>01/07/2021</dataInicioCurso>
        <icAtivo>1</icAtivo>
      </Curso>
    </listaCursos>
  </aluno>
  <aluno>
    <identificacao>
      <numeroIdentificacao>41217338861</numeroIdentificacao>
      <tipoIdentificacao>1</tipoIdentificacao>
      <nome>BRUNO PLASTINO SILVA</nome>
      <matricula>205716</matricula>
      <dataNascimento>21/07/1994</dataNascimento>
      <dataInicial>01/07/2021</dataInicial>
      <dataFinal>31/12/2021</dataFinal>
    </identificacao>
    <icResponsavel>1</icResponsavel>
    <icAtivo>1</icAtivo>
    <contato>
      <email>bruno_6209@hotmail.com</email>
    </contato>
    <endereco>
      <cep>11015110</cep>
      <numero>295</numero>
      <logradouro>RUA VINTE E OITO DE SETEMBRO</logradouro>
      <bairro>MACUCO</bairro>
      <uf>35</uf>
      <municipio>48500</municipio>
      <complemento>181</complemento>
    </endereco>
    <responsavel>
      <identificacao>
        <numeroIdentificacao>41217338861</numeroIdentificacao>
        <tipoIdentificacao>1</tipoIdentificacao>
        <nome>BRUNO PLASTINO SILVA</nome>
      </identificacao>
      <contato>
        <email>bruno_6209@hotmail.com</email>
      </contato>
      <endereco>
        <cep>11015110</cep>
        <numero>295</numero>
        <logradouro>RUA VINTE E OITO DE SETEMBRO</logradouro>
        <bairro>MACUCO</bairro>
        <uf>35</uf>
        <municipio>48500</municipio>
        <complemento>181</complemento>
      </endereco>
    </responsavel>
    <listaCursos>
      <Curso>
        <codCurso>105201</codCurso>
        <serie>2</serie>
        <valores>
          <valorServico>1551.00</valorServico>
          <valorDescIncondicionado>0.00</valorDescIncondicionado>
        </valores>
        <tpCurso>1</tpCurso>
        <dataInicioCurso>01/07/2021</dataInicioCurso>
        <icAtivo>1</icAtivo>
      </Curso>
    </listaCursos>
  </aluno>
  <aluno>
    <identificacao>
      <numeroIdentificacao>32034736826</numeroIdentificacao>
      <tipoIdentificacao>1</tipoIdentificacao>
      <nome>BRUNO RAPHAEL DOS SANTOS LIMA</nome>
      <matricula>188566</matricula>
      <dataNascimento>16/05/2001</dataNascimento>
      <dataInicial>01/07/2021</dataInicial>
      <dataFinal>31/12/2021</dataFinal>
    </identificacao>
    <icResponsavel>1</icResponsavel>
    <icAtivo>1</icAtivo>
    <contato>
      <email>brunolimabxzfgts@gmail.com</email>
    </contato>
    <endereco>
      <cep>11081210</cep>
      <numero>1586</numero>
      <logradouro>RUA UM </logradouro>
      <bairro>MORRO PENHA</bairro>
      <uf>35</uf>
      <municipio>48500</municipio>
      <complemento>FUNDOS</complemento>
    </endereco>
    <responsavel>
      <identificacao>
        <numeroIdentificacao>32034736826</numeroIdentificacao>
        <tipoIdentificacao>1</tipoIdentificacao>
        <nome>BRUNO RAPHAEL DOS SANTOS LIMA</nome>
      </identificacao>
      <contato>
        <email>brunolimabxzfgts@gmail.com</email>
      </contato>
      <endereco>
        <cep>11081210</cep>
        <numero>1586</numero>
        <logradouro>RUA UM </logradouro>
        <bairro>MORRO PENHA</bairro>
        <uf>35</uf>
        <municipio>48500</municipio>
        <complemento>FUNDOS</complemento>
      </endereco>
    </responsavel>
    <listaCursos>
      <Curso>
        <codCurso>103801</codCurso>
        <serie>4</serie>
        <valores>
          <valorServico>1704.00</valorServico>
          <valorDescIncondicionado>0.00</valorDescIncondicionado>
        </valores>
        <tpCurso>1</tpCurso>
        <dataInicioCurso>01/07/2021</dataInicioCurso>
        <icAtivo>1</icAtivo>
      </Curso>
    </listaCursos>
  </aluno>
  <aluno>
    <identificacao>
      <numeroIdentificacao>36171061883</numeroIdentificacao>
      <tipoIdentificacao>1</tipoIdentificacao>
      <nome>BRUNO SAITO</nome>
      <matricula>073393</matricula>
      <dataNascimento>26/02/1987</dataNascimento>
      <dataInicial>01/07/2021</dataInicial>
      <dataFinal>31/12/2021</dataFinal>
    </identificacao>
    <icResponsavel>1</icResponsavel>
    <icAtivo>1</icAtivo>
    <contato>
      <email>br.bsaito@gmail.com</email>
    </contato>
    <endereco>
      <cep>11390010</cep>
      <numero>419</numero>
      <logradouro>RUA DR. ARMANDO SALES DE OLIVEIRA</logradouro>
      <bairro>VILA VALENCA</bairro>
      <uf>35</uf>
      <municipio>51009</municipio>
    </endereco>
    <responsavel>
      <identificacao>
        <numeroIdentificacao>36171061883</numeroIdentificacao>
        <tipoIdentificacao>1</tipoIdentificacao>
        <nome>BRUNO SAITO</nome>
      </identificacao>
      <contato>
        <email>brunochunsaito@uol.com.br</email>
      </contato>
      <endereco>
        <cep>11390010</cep>
        <numero>419</numero>
        <logradouro>RUA DR. ARMANDO SALES DE OLIVEIRA</logradouro>
        <bairro>VILA VALENCA</bairro>
        <uf>35</uf>
        <municipio>51009</municipio>
      </endereco>
    </responsavel>
    <listaCursos>
      <Curso>
        <codCurso>103201</codCurso>
        <serie>6</serie>
        <valores>
          <valorServico>1297.00</valorServico>
          <valorDescIncondicionado>0.00</valorDescIncondicionado>
        </valores>
        <tpCurso>1</tpCurso>
        <dataInicioCurso>01/07/2021</dataInicioCurso>
        <icAtivo>1</icAtivo>
      </Curso>
    </listaCursos>
  </aluno>
  <aluno>
    <identificacao>
      <numeroIdentificacao>33773356846</numeroIdentificacao>
      <tipoIdentificacao>1</tipoIdentificacao>
      <nome>BRUNO SANTOS IZUMI</nome>
      <matricula>172315</matricula>
      <dataNascimento>17/09/2001</dataNascimento>
      <dataInicial>01/07/2021</dataInicial>
      <dataFinal>31/12/2021</dataFinal>
    </identificacao>
    <icResponsavel>1</icResponsavel>
    <icAtivo>1</icAtivo>
    <contato>
      <email>takashi@unisanta.br</email>
    </contato>
    <endereco>
      <cep>11045040</cep>
      <numero>7</numero>
      <logradouro>DOUTOR CESARIO MOTTA</logradouro>
      <bairro>BOQUEIRAO</bairro>
      <uf>35</uf>
      <municipio>48500</municipio>
      <complemento>51</complemento>
    </endereco>
    <responsavel>
      <identificacao>
        <numeroIdentificacao>06313636880</numeroIdentificacao>
        <tipoIdentificacao>1</tipoIdentificacao>
        <nome>FLAVIO TAKASHI IZUMI</nome>
      </identificacao>
      <contato>
        <email>takashi@unisanta.br</email>
      </contato>
      <endereco>
        <cep>11045040</cep>
        <numero>7</numero>
        <logradouro>DOUTOR CESARIO MOTTA</logradouro>
        <bairro>BOQUEIRAO</bairro>
        <uf>35</uf>
        <municipio>48500</municipio>
        <complemento>51</complemento>
      </endereco>
    </responsavel>
    <listaCursos>
      <Curso>
        <codCurso>104701</codCurso>
        <serie>6</serie>
        <valores>
          <valorServico>1704.00</valorServico>
          <valorDescIncondicionado>0.00</valorDescIncondicionado>
        </valores>
        <tpCurso>1</tpCurso>
        <dataInicioCurso>01/07/2021</dataInicioCurso>
        <icAtivo>1</icAtivo>
      </Curso>
    </listaCursos>
  </aluno>
  <aluno>
    <identificacao>
      <numeroIdentificacao>23771361842</numeroIdentificacao>
      <tipoIdentificacao>1</tipoIdentificacao>
      <nome>BRUNO SORIANO DEGANI</nome>
      <matricula>166716</matricula>
      <dataNascimento>04/10/1996</dataNascimento>
      <dataInicial>01/07/2021</dataInicial>
      <dataFinal>31/12/2021</dataFinal>
    </identificacao>
    <icResponsavel>1</icResponsavel>
    <icAtivo>1</icAtivo>
    <contato>
      <email>bsoriano710@gmail.com</email>
    </contato>
    <endereco>
      <cep>11700470</cep>
      <numero>401</numero>
      <logradouro>BRIGADEIRO JOSE FERREIRA</logradouro>
      <bairro>CANTO DO FORTE</bairro>
      <uf>35</uf>
      <municipio>41000</municipio>
      <complemento>CASA</complemento>
    </endereco>
    <responsavel>
      <identificacao>
        <numeroIdentificacao>03999500875</numeroIdentificacao>
        <tipoIdentificacao>1</tipoIdentificacao>
        <nome>MIRIAM ISABEL SORIANO</nome>
      </identificacao>
      <contato>
        <email>mis.miriam@terra.com.br</email>
      </contato>
      <endereco>
        <cep>11700470</cep>
        <numero>401</numero>
        <logradouro>BRIGADEIRO JOSE FERREIRA</logradouro>
        <bairro>CANTO DO FORTE</bairro>
        <uf>35</uf>
        <municipio>41000</municipio>
        <complemento>CASA</complemento>
      </endereco>
    </responsavel>
    <listaCursos>
      <Curso>
        <codCurso>100201</codCurso>
        <serie>6</serie>
        <valores>
          <valorServico>1925.00</valorServico>
          <valorDescIncondicionado>0.00</valorDescIncondicionado>
        </valores>
        <tpCurso>1</tpCurso>
        <dataInicioCurso>01/07/2021</dataInicioCurso>
        <icAtivo>1</icAtivo>
      </Curso>
    </listaCursos>
  </aluno>
  <aluno>
    <identificacao>
      <numeroIdentificacao>44932084811</numeroIdentificacao>
      <tipoIdentificacao>1</tipoIdentificacao>
      <nome>CAETANO PORTO MATHIAS</nome>
      <matricula>175443</matricula>
      <dataNascimento>30/11/2000</dataNascimento>
      <dataInicial>01/07/2021</dataInicial>
      <dataFinal>31/12/2021</dataFinal>
    </identificacao>
    <icResponsavel>1</icResponsavel>
    <icAtivo>1</icAtivo>
    <contato>
      <email>caetano720@hotmail.com</email>
    </contato>
    <endereco>
      <cep>11025170</cep>
      <numero>14</numero>
      <logradouro>RUA MARCOLINA CONCEICAO</logradouro>
      <bairro>APARECIDA</bairro>
      <uf>35</uf>
      <municipio>48500</municipio>
      <complemento>71</complemento>
    </endereco>
    <responsavel>
      <identificacao>
        <numeroIdentificacao>44932084811</numeroIdentificacao>
        <tipoIdentificacao>1</tipoIdentificacao>
        <nome>CAETANO PORTO MATHIAS</nome>
      </identificacao>
      <contato>
        <email>caetano720@hotmail.com</email>
      </contato>
      <endereco>
        <cep>11025170</cep>
        <numero>14</numero>
        <logradouro>RUA MARCOLINA CONCEICAO</logradouro>
        <bairro>APARECIDA</bairro>
        <uf>35</uf>
        <municipio>48500</municipio>
        <complemento>71</complemento>
      </endereco>
    </responsavel>
    <listaCursos>
      <Curso>
        <codCurso>100102</codCurso>
        <serie>4</serie>
        <valores>
          <valorServico>1349.00</valorServico>
          <valorDescIncondicionado>134.90</valorDescIncondicionado>
        </valores>
        <tpCurso>1</tpCurso>
        <dataInicioCurso>01/07/2021</dataInicioCurso>
        <icAtivo>1</icAtivo>
      </Curso>
    </listaCursos>
  </aluno>
  <aluno>
    <identificacao>
      <numeroIdentificacao>49613025898</numeroIdentificacao>
      <tipoIdentificacao>1</tipoIdentificacao>
      <nome>CAETANO RIBEIRO AURUNGO</nome>
      <matricula>201649</matricula>
      <dataNascimento>17/08/2003</dataNascimento>
      <dataInicial>01/07/2021</dataInicial>
      <dataFinal>31/12/2021</dataFinal>
    </identificacao>
    <icResponsavel>1</icResponsavel>
    <icAtivo>1</icAtivo>
    <contato>
      <email>caetanorb013@gmail.com</email>
    </contato>
    <endereco>
      <cep>11040271</cep>
      <numero>351</numero>
      <logradouro>RUA VERGUEIRO STEIDEL</logradouro>
      <bairro>Aparecida</bairro>
      <uf>35</uf>
      <municipio>48500</municipio>
      <complemento>PORTA 1 / 0401</complemento>
    </endereco>
    <responsavel>
      <identificacao>
        <numeroIdentificacao>06684231889</numeroIdentificacao>
        <tipoIdentificacao>1</tipoIdentificacao>
        <nome>VANDA FREIRE AURUNGO</nome>
      </identificacao>
      <contato>
        <email>vanvandae@hotmail.com</email>
      </contato>
      <endereco>
        <cep>11040271</cep>
        <numero>351</numero>
        <logradouro>RUA VERGUEIRO STEIDEL</logradouro>
        <bairro>Aparecida</bairro>
        <uf>35</uf>
        <municipio>48500</municipio>
        <complemento>PORTA 1 / 0401</complemento>
      </endereco>
    </responsavel>
    <listaCursos>
      <Curso>
        <codCurso>104901</codCurso>
        <serie>2</serie>
        <valores>
          <valorServico>1706.00</valorServico>
          <valorDescIncondicionado>1706.00</valorDescIncondicionado>
        </valores>
        <tpCurso>1</tpCurso>
        <dataInicioCurso>01/07/2021</dataInicioCurso>
        <icAtivo>1</icAtivo>
      </Curso>
    </listaCursos>
  </aluno>
  <aluno>
    <identificacao>
      <numeroIdentificacao>44959330864</numeroIdentificacao>
      <tipoIdentificacao>1</tipoIdentificacao>
      <nome>CAHUE GONCALVES DE ARAUJO</nome>
      <matricula>129637</matricula>
      <dataNascimento>06/07/1996</dataNascimento>
      <dataInicial>01/07/2021</dataInicial>
      <dataFinal>31/12/2021</dataFinal>
    </identificacao>
    <icResponsavel>1</icResponsavel>
    <icAtivo>1</icAtivo>
    <contato>
      <email>kakagon96@gmail.com</email>
    </contato>
    <endereco>
      <cep>11040131</cep>
      <numero>181</numero>
      <logradouro>RUA ALVARO ALVIM</logradouro>
      <bairro>embare</bairro>
      <uf>35</uf>
      <municipio>48500</municipio>
      <complemento>143</complemento>
    </endereco>
    <responsavel>
      <identificacao>
        <numeroIdentificacao>09777039832</numeroIdentificacao>
        <tipoIdentificacao>1</tipoIdentificacao>
        <nome>ROSANA GONCALVES DE ARAUJO</nome>
      </identificacao>
      <contato>
        <email>ROSANAGON66@HOTMAIL.COM</email>
      </contato>
      <endereco>
        <cep>11040131</cep>
        <numero>181</numero>
        <logradouro>RUA ALVARO ALVIM</logradouro>
        <bairro>embare</bairro>
        <uf>35</uf>
        <municipio>48500</municipio>
        <complemento>143</complemento>
      </endereco>
    </responsavel>
    <listaCursos>
      <Curso>
        <codCurso>103901</codCurso>
        <serie>8</serie>
        <valores>
          <valorServico>1704.00</valorServico>
          <valorDescIncondicionado>1363.20</valorDescIncondicionado>
        </valores>
        <tpCurso>1</tpCurso>
        <dataInicioCurso>01/07/2021</dataInicioCurso>
        <icAtivo>1</icAtivo>
      </Curso>
    </listaCursos>
  </aluno>
  <aluno>
    <identificacao>
      <numeroIdentificacao>52226849890</numeroIdentificacao>
      <tipoIdentificacao>1</tipoIdentificacao>
      <nome>CAIKE HENRIQUE OLIVEIRA DE LIMA</nome>
      <matricula>186927</matricula>
      <dataNascimento>27/09/2001</dataNascimento>
      <dataInicial>01/07/2021</dataInicial>
      <dataFinal>31/12/2021</dataFinal>
    </identificacao>
    <icResponsavel>1</icResponsavel>
    <icAtivo>1</icAtivo>
    <contato>
      <email>caike_pg@hotmail.com</email>
    </contato>
    <endereco>
      <cep>11700120</cep>
      <numero>49</numero>
      <logradouro>RUA CORNELIO PROCOPIO</logradouro>
      <bairro>BOQUEIRAO</bairro>
      <uf>35</uf>
      <municipio>41000</municipio>
    </endereco>
    <responsavel>
      <identificacao>
        <numeroIdentificacao>52226849890</numeroIdentificacao>
        <tipoIdentificacao>1</tipoIdentificacao>
        <nome>CAIKE HENRIQUE OLIVEIRA DE LIMA</nome>
      </identificacao>
      <contato>
        <email>caike_pg@hotmail.com</email>
      </contato>
      <endereco>
        <cep>11700120</cep>
        <numero>49</numero>
        <logradouro>RUA CORNELIO PROCOPIO</logradouro>
        <bairro>BOQUEIRAO</bairro>
        <uf>35</uf>
        <municipio>41000</municipio>
      </endereco>
    </responsavel>
    <listaCursos>
      <Curso>
        <codCurso>103301</codCurso>
        <serie>4</serie>
        <valores>
          <valorServico>2008.00</valorServico>
          <valorDescIncondicionado>0.00</valorDescIncondicionado>
        </valores>
        <tpCurso>1</tpCurso>
        <dataInicioCurso>01/07/2021</dataInicioCurso>
        <icAtivo>1</icAtivo>
      </Curso>
    </listaCursos>
  </aluno>
  <aluno>
    <identificacao>
      <numeroIdentificacao>42289672807</numeroIdentificacao>
      <tipoIdentificacao>1</tipoIdentificacao>
      <nome>CAIO ANTUNES</nome>
      <matricula>188227</matricula>
      <dataNascimento>02/08/2001</dataNascimento>
      <dataInicial>01/07/2021</dataInicial>
      <dataFinal>31/12/2021</dataFinal>
    </identificacao>
    <icResponsavel>1</icResponsavel>
    <icAtivo>1</icAtivo>
    <contato>
      <email>antunescaio8@gmail.com</email>
    </contato>
    <endereco>
      <cep>11445040</cep>
      <numero>1454</numero>
      <logradouro>JARDIM ACAPULCO</logradouro>
      <bairro>PERNAMBUCO</bairro>
      <uf>35</uf>
      <municipio>18701</municipio>
    </endereco>
    <responsavel>
      <identificacao>
        <numeroIdentificacao>07518526867</numeroIdentificacao>
        <tipoIdentificacao>1</tipoIdentificacao>
        <nome>ROSANGELA PALOMO LUIZ</nome>
      </identificacao>
      <contato>
        <email>Antunescaio8@gmail.com</email>
      </contato>
      <endereco>
        <cep>11445040</cep>
        <numero>1454</numero>
        <logradouro>JARDIM ACAPULCO</logradouro>
        <bairro>PERNAMBUCO</bairro>
        <uf>35</uf>
        <municipio>18701</municipio>
      </endereco>
    </responsavel>
    <listaCursos>
      <Curso>
        <codCurso>103901</codCurso>
        <serie>4</serie>
        <valores>
          <valorServico>1704.00</valorServico>
          <valorDescIncondicionado>170.40</valorDescIncondicionado>
        </valores>
        <tpCurso>1</tpCurso>
        <dataInicioCurso>01/07/2021</dataInicioCurso>
        <icAtivo>1</icAtivo>
      </Curso>
    </listaCursos>
  </aluno>
  <aluno>
    <identificacao>
      <numeroIdentificacao>47063312855</numeroIdentificacao>
      <tipoIdentificacao>1</tipoIdentificacao>
      <nome>CAIO AUGUSTO FRANCISCO DE FARIA</nome>
      <matricula>191391</matricula>
      <dataNascimento>28/06/2002</dataNascimento>
      <dataInicial>01/07/2021</dataInicial>
      <dataFinal>31/12/2021</dataFinal>
    </identificacao>
    <icResponsavel>1</icResponsavel>
    <icAtivo>1</icAtivo>
    <contato>
      <email>caioaffaria@uol.com.br</email>
    </contato>
    <endereco>
      <cep>11025001</cep>
      <numero>1225</numero>
      <logradouro>AVENIDA PEDRO LESSA</logradouro>
      <bairro>PONTA DA PRAIA</bairro>
      <uf>35</uf>
      <municipio>48500</municipio>
      <complemento>AP 42</complemento>
    </endereco>
    <responsavel>
      <identificacao>
        <numeroIdentificacao>02535744805</numeroIdentificacao>
        <tipoIdentificacao>1</tipoIdentificacao>
        <nome>SANDRA MARIA FRANCISCO</nome>
      </identificacao>
      <contato>
        <email>caioaffaria@uol.com.br</email>
      </contato>
      <endereco>
        <cep>11025001</cep>
        <numero>1225</numero>
        <logradouro>AVENIDA PEDRO LESSA</logradouro>
        <bairro>PONTA DA PRAIA</bairro>
        <uf>35</uf>
        <municipio>48500</municipio>
        <complemento>AP 42</complemento>
      </endereco>
    </responsavel>
    <listaCursos>
      <Curso>
        <codCurso>100102</codCurso>
        <serie>4</serie>
        <valores>
          <valorServico>1349.00</valorServico>
          <valorDescIncondicionado>0.00</valorDescIncondicionado>
        </valores>
        <tpCurso>1</tpCurso>
        <dataInicioCurso>01/07/2021</dataInicioCurso>
        <icAtivo>1</icAtivo>
      </Curso>
    </listaCursos>
  </aluno>
  <aluno>
    <identificacao>
      <numeroIdentificacao>00452049261</numeroIdentificacao>
      <tipoIdentificacao>1</tipoIdentificacao>
      <nome>CAIO AUGUSTO LIMA DE OLIVEIRA</nome>
      <matricula>200763</matricula>
      <dataNascimento>19/10/2000</dataNascimento>
      <dataInicial>01/07/2021</dataInicial>
      <dataFinal>31/12/2021</dataFinal>
    </identificacao>
    <icResponsavel>1</icResponsavel>
    <icAtivo>1</icAtivo>
    <contato>
      <email>crazycaio@live.com</email>
    </contato>
    <endereco>
      <cep>11055130</cep>
      <numero>28</numero>
      <logradouro>RUA FIRMINO BARBOSA</logradouro>
      <bairro>BOQUEIRAO</bairro>
      <uf>35</uf>
      <municipio>48500</municipio>
      <complemento>APARTAMENTO 111</complemento>
    </endereco>
    <responsavel>
      <identificacao>
        <numeroIdentificacao>00452049261</numeroIdentificacao>
        <tipoIdentificacao>1</tipoIdentificacao>
        <nome>CAIO AUGUSTO LIMA DE OLIVEIRA</nome>
      </identificacao>
      <contato>
        <email>crazycaio@live.com</email>
      </contato>
      <endereco>
        <cep>11055130</cep>
        <numero>28</numero>
        <logradouro>RUA FIRMINO BARBOSA</logradouro>
        <bairro>BOQUEIRAO</bairro>
        <uf>35</uf>
        <municipio>48500</municipio>
        <complemento>APARTAMENTO 111</complemento>
      </endereco>
    </responsavel>
    <listaCursos>
      <Curso>
        <codCurso>102001</codCurso>
        <serie>2</serie>
        <valores>
          <valorServico>1409.00</valorServico>
          <valorDescIncondicionado>0.00</valorDescIncondicionado>
        </valores>
        <tpCurso>1</tpCurso>
        <dataInicioCurso>01/07/2021</dataInicioCurso>
        <icAtivo>1</icAtivo>
      </Curso>
    </listaCursos>
  </aluno>
  <aluno>
    <identificacao>
      <numeroIdentificacao>44590128802</numeroIdentificacao>
      <tipoIdentificacao>1</tipoIdentificacao>
      <nome>CAIO BRANDAO  PEREIRA GOMES LEITAO</nome>
      <matricula>173081</matricula>
      <dataNascimento>23/10/2000</dataNascimento>
      <dataInicial>01/07/2021</dataInicial>
      <dataFinal>31/12/2021</dataFinal>
    </identificacao>
    <icResponsavel>1</icResponsavel>
    <icAtivo>1</icAtivo>
    <contato>
      <email>caiobrandao231023@gmail.com</email>
    </contato>
    <endereco>
      <cep>11035081</cep>
      <numero>143</numero>
      <logradouro>RUA ANDRE VIDAL DE NEGREIROS</logradouro>
      <bairro>PONTA DA PRAIA</bairro>
      <uf>35</uf>
      <municipio>48500</municipio>
      <complemento>APTO.53</complemento>
    </endereco>
    <responsavel>
      <identificacao>
        <numeroIdentificacao>44590128802</numeroIdentificacao>
        <tipoIdentificacao>1</tipoIdentificacao>
        <nome>CAIO BRANDAO  PEREIRA GOMES LEITAO</nome>
      </identificacao>
      <contato>
        <email>caiobrandao231023@gmail.com</email>
      </contato>
      <endereco>
        <cep>11035081</cep>
        <numero>143</numero>
        <logradouro>RUA ANDRE VIDAL DE NEGREIROS</logradouro>
        <bairro>PONTA DA PRAIA</bairro>
        <uf>35</uf>
        <municipio>48500</municipio>
        <complemento>APTO.53</complemento>
      </endereco>
    </responsavel>
    <listaCursos>
      <Curso>
        <codCurso>101502</codCurso>
        <serie>6</serie>
        <valores>
          <valorServico>1636.00</valorServico>
          <valorDescIncondicionado>0.00</valorDescIncondicionado>
        </valores>
        <tpCurso>1</tpCurso>
        <dataInicioCurso>01/07/2021</dataInicioCurso>
        <icAtivo>1</icAtivo>
      </Curso>
    </listaCursos>
  </aluno>
  <aluno>
    <identificacao>
      <numeroIdentificacao>35884972857</numeroIdentificacao>
      <tipoIdentificacao>1</tipoIdentificacao>
      <nome>CAIO CESAR RIBEIRO DE SOUZA</nome>
      <matricula>158636</matricula>
      <dataNascimento>20/12/1999</dataNascimento>
      <dataInicial>01/07/2021</dataInicial>
      <dataFinal>31/12/2021</dataFinal>
    </identificacao>
    <icResponsavel>1</icResponsavel>
    <icAtivo>1</icAtivo>
    <contato>
      <email>andpcs@outlook.com</email>
    </contato>
    <endereco>
      <cep>11025032</cep>
      <numero>754</numero>
      <logradouro>RUA LIBERDADE</logradouro>
      <bairro>APARECIDA</bairro>
      <uf>35</uf>
      <municipio>48500</municipio>
      <complemento>CASA</complemento>
    </endereco>
    <responsavel>
      <identificacao>
        <numeroIdentificacao>01829520881</numeroIdentificacao>
        <tipoIdentificacao>1</tipoIdentificacao>
        <nome>PAULO CESAR SANTOS DE SOUZA</nome>
      </identificacao>
      <contato>
        <email>andpcs2@outlook.com</email>
      </contato>
      <endereco>
        <cep>11025032</cep>
        <numero>754</numero>
        <logradouro>RUA LIBERDADE</logradouro>
        <bairro>APARECIDA</bairro>
        <uf>35</uf>
        <municipio>48500</municipio>
        <complemento>CASA</complemento>
      </endereco>
    </responsavel>
    <listaCursos>
      <Curso>
        <codCurso>103201</codCurso>
        <serie>8</serie>
        <valores>
          <valorServico>1297.00</valorServico>
          <valorDescIncondicionado>389.10</valorDescIncondicionado>
        </valores>
        <tpCurso>1</tpCurso>
        <dataInicioCurso>01/07/2021</dataInicioCurso>
        <icAtivo>1</icAtivo>
      </Curso>
    </listaCursos>
  </aluno>
  <aluno>
    <identificacao>
      <numeroIdentificacao>39794698830</numeroIdentificacao>
      <tipoIdentificacao>1</tipoIdentificacao>
      <nome>CAIO CESAR SANCHES SACO</nome>
      <matricula>114688</matricula>
      <dataNascimento>05/04/1994</dataNascimento>
      <dataInicial>01/07/2021</dataInicial>
      <dataFinal>31/12/2021</dataFinal>
    </identificacao>
    <icResponsavel>1</icResponsavel>
    <icAtivo>1</icAtivo>
    <contato>
      <email>giseldasanches@ig.com.br</email>
    </contato>
    <endereco>
      <cep>11045907</cep>
      <numero>277</numero>
      <logradouro>OSWALDO CRUZ</logradouro>
      <bairro>BOQUEIRAO</bairro>
      <uf>35</uf>
      <municipio>48500</municipio>
    </endereco>
    <responsavel>
      <identificacao>
        <numeroIdentificacao>79957340859</numeroIdentificacao>
        <tipoIdentificacao>1</tipoIdentificacao>
        <nome>GISELDA SOCORRO SANCHES</nome>
      </identificacao>
      <contato>
        <email>nfse@unisanta.br</email>
      </contato>
      <endereco>
        <cep>11045907</cep>
        <numero>277</numero>
        <logradouro>OSWALDO CRUZ</logradouro>
        <bairro>BOQUEIRAO</bairro>
        <uf>35</uf>
        <municipio>48500</municipio>
      </endereco>
    </responsavel>
    <listaCursos>
      <Curso>
        <codCurso>104201</codCurso>
        <serie>9</serie>
        <valores>
          <valorServico>1704.00</valorServico>
          <valorDescIncondicionado>511.20</valorDescIncondicionado>
        </valores>
        <tpCurso>1</tpCurso>
        <dataInicioCurso>01/07/2021</dataInicioCurso>
        <icAtivo>1</icAtivo>
      </Curso>
    </listaCursos>
  </aluno>
  <aluno>
    <identificacao>
      <numeroIdentificacao>31723010871</numeroIdentificacao>
      <tipoIdentificacao>1</tipoIdentificacao>
      <nome>CAIO CESAR TASSO DA CONCEICAO</nome>
      <matricula>150566</matricula>
      <dataNascimento>10/11/1999</dataNascimento>
      <dataInicial>01/07/2021</dataInicial>
      <dataFinal>31/12/2021</dataFinal>
    </identificacao>
    <icResponsavel>1</icResponsavel>
    <icAtivo>1</icAtivo>
    <contato>
      <email>caiocesar101199@gmail.com</email>
    </contato>
    <endereco>
      <cep>11471100</cep>
      <numero>566</numero>
      <logradouro>ORLANDO SILVA</logradouro>
      <bairro>Jardim Boa Esperanca</bairro>
      <uf>35</uf>
      <municipio>18701</municipio>
      <complemento>CASA</complemento>
    </endereco>
    <responsavel>
      <identificacao>
        <numeroIdentificacao>16243735850</numeroIdentificacao>
        <tipoIdentificacao>1</tipoIdentificacao>
        <nome>JOSE REINALDO OLIVEIRA DA CONCEICAO</nome>
      </identificacao>
      <contato>
        <email>reybio43@gmail.com</email>
      </contato>
      <endereco>
        <cep>11471100</cep>
        <numero>566</numero>
        <logradouro>ORLANDO SILVA</logradouro>
        <bairro>Jardim Boa Esperanca</bairro>
        <uf>35</uf>
        <municipio>18701</municipio>
        <complemento>CASA</complemento>
      </endereco>
    </responsavel>
    <listaCursos>
      <Curso>
        <codCurso>103901</codCurso>
        <serie>6</serie>
        <valores>
          <valorServico>1704.00</valorServico>
          <valorDescIncondicionado>0.00</valorDescIncondicionado>
        </valores>
        <tpCurso>1</tpCurso>
        <dataInicioCurso>01/07/2021</dataInicioCurso>
        <icAtivo>1</icAtivo>
      </Curso>
    </listaCursos>
  </aluno>
  <aluno>
    <identificacao>
      <numeroIdentificacao>40807414808</numeroIdentificacao>
      <tipoIdentificacao>1</tipoIdentificacao>
      <nome>CAIO CESAR VICENTE REIS</nome>
      <matricula>123563</matricula>
      <dataNascimento>09/05/1996</dataNascimento>
      <dataInicial>01/07/2021</dataInicial>
      <dataFinal>31/12/2021</dataFinal>
    </identificacao>
    <icResponsavel>1</icResponsavel>
    <icAtivo>1</icAtivo>
    <contato>
      <email>caiocvr@outlook.com</email>
    </contato>
    <endereco>
      <cep>11530000</cep>
      <numero>373</numero>
      <logradouro>CARLOS GOMES</logradouro>
      <bairro>JARDIM CASQUEIRO</bairro>
      <uf>35</uf>
      <municipio>13504</municipio>
      <complemento>12</complemento>
    </endereco>
    <responsavel>
      <identificacao>
        <numeroIdentificacao>25332771851</numeroIdentificacao>
        <tipoIdentificacao>1</tipoIdentificacao>
        <nome>FABIULA VICENTE DA SILVA</nome>
      </identificacao>
      <contato>
        <email>fabiula_vicente19@hotmail.com</email>
      </contato>
      <endereco>
        <cep>11530000</cep>
        <numero>373</numero>
        <logradouro>CARLOS GOMES</logradouro>
        <bairro>JARDIM CASQUEIRO</bairro>
        <uf>35</uf>
        <municipio>13504</municipio>
        <complemento>12</complemento>
      </endereco>
    </responsavel>
    <listaCursos>
      <Curso>
        <codCurso>103901</codCurso>
        <serie>10</serie>
        <valores>
          <valorServico>1704.00</valorServico>
          <valorDescIncondicionado>1022.40</valorDescIncondicionado>
        </valores>
        <tpCurso>1</tpCurso>
        <dataInicioCurso>01/07/2021</dataInicioCurso>
        <icAtivo>1</icAtivo>
      </Curso>
    </listaCursos>
  </aluno>
  <aluno>
    <identificacao>
      <numeroIdentificacao>48043497826</numeroIdentificacao>
      <tipoIdentificacao>1</tipoIdentificacao>
      <nome>CAIO COELHO CHAVES</nome>
      <matricula>207693</matricula>
      <dataNascimento>20/01/2003</dataNascimento>
      <dataInicial>01/07/2021</dataInicial>
      <dataFinal>31/12/2021</dataFinal>
    </identificacao>
    <icResponsavel>1</icResponsavel>
    <icAtivo>1</icAtivo>
    <contato>
      <email>caiocoelhochaves@gmail.com</email>
    </contato>
    <endereco>
      <cep>11703300</cep>
      <numero>175</numero>
      <logradouro>RUA XAVANTES</logradouro>
      <bairro>VILA TUPI</bairro>
      <uf>35</uf>
      <municipio>41000</municipio>
      <complemento>14</complemento>
    </endereco>
    <responsavel>
      <identificacao>
        <numeroIdentificacao>25277041826</numeroIdentificacao>
        <tipoIdentificacao>1</tipoIdentificacao>
        <nome>ELKE JULIE COELHO CHAVES</nome>
      </identificacao>
      <contato>
        <email>elkecoelho@hotmail.com</email>
      </contato>
      <endereco>
        <cep>11703300</cep>
        <numero>175</numero>
        <logradouro>RUA XAVANTES</logradouro>
        <bairro>VILA TUPI</bairro>
        <uf>35</uf>
        <municipio>41000</municipio>
        <complemento>14</complemento>
      </endereco>
    </responsavel>
    <listaCursos>
      <Curso>
        <codCurso>105201</codCurso>
        <serie>2</serie>
        <valores>
          <valorServico>1551.00</valorServico>
          <valorDescIncondicionado>620.40</valorDescIncondicionado>
        </valores>
        <tpCurso>1</tpCurso>
        <dataInicioCurso>01/07/2021</dataInicioCurso>
        <icAtivo>1</icAtivo>
      </Curso>
    </listaCursos>
  </aluno>
  <aluno>
    <identificacao>
      <numeroIdentificacao>42332187898</numeroIdentificacao>
      <tipoIdentificacao>1</tipoIdentificacao>
      <nome>CAIO DAVI DE MENDONCA FERREIRA</nome>
      <matricula>155427</matricula>
      <dataNascimento>19/02/2000</dataNascimento>
      <dataInicial>01/07/2021</dataInicial>
      <dataFinal>31/12/2021</dataFinal>
    </identificacao>
    <icResponsavel>1</icResponsavel>
    <icAtivo>1</icAtivo>
    <contato>
      <email>caiodavi12@gmail.com</email>
    </contato>
    <endereco>
      <cep>11380030</cep>
      <numero>384</numero>
      <logradouro>Rua Francisco Sa</logradouro>
      <bairro>Vila Sao Jorge</bairro>
      <uf>35</uf>
      <municipio>51009</municipio>
    </endereco>
    <responsavel>
      <identificacao>
        <numeroIdentificacao>31205918825</numeroIdentificacao>
        <tipoIdentificacao>1</tipoIdentificacao>
        <nome>RENATA ARAUJO MENDONCA</nome>
      </identificacao>
      <contato>
        <email>caiodavi12@gmail.com</email>
      </contato>
      <endereco>
        <cep>11380030</cep>
        <numero>384</numero>
        <logradouro>Rua Francisco Sa</logradouro>
        <bairro>Vila Sao Jorge</bairro>
        <uf>35</uf>
        <municipio>51009</municipio>
      </endereco>
    </responsavel>
    <listaCursos>
      <Curso>
        <codCurso>101502</codCurso>
        <serie>8</serie>
        <valores>
          <valorServico>1636.00</valorServico>
          <valorDescIncondicionado>981.60</valorDescIncondicionado>
        </valores>
        <tpCurso>1</tpCurso>
        <dataInicioCurso>01/07/2021</dataInicioCurso>
        <icAtivo>1</icAtivo>
      </Curso>
    </listaCursos>
  </aluno>
  <aluno>
    <identificacao>
      <numeroIdentificacao>40043008860</numeroIdentificacao>
      <tipoIdentificacao>1</tipoIdentificacao>
      <nome>CAIO ENGLER MENDES</nome>
      <matricula>186148</matricula>
      <dataNascimento>03/07/2002</dataNascimento>
      <dataInicial>01/07/2021</dataInicial>
      <dataFinal>31/12/2021</dataFinal>
    </identificacao>
    <icResponsavel>1</icResponsavel>
    <icAtivo>1</icAtivo>
    <contato>
      <email>caioengler800@hotmail.com</email>
    </contato>
    <endereco>
      <cep>11030220</cep>
      <numero>84 A</numero>
      <logradouro>AVENIDA SENADOR CESAR LACERDA DE VERGUEIRO</logradouro>
      <bairro>PONTA DA PRAIA</bairro>
      <uf>35</uf>
      <municipio>48500</municipio>
      <complemento>CASA</complemento>
    </endereco>
    <responsavel>
      <identificacao>
        <numeroIdentificacao>40043008860</numeroIdentificacao>
        <tipoIdentificacao>1</tipoIdentificacao>
        <nome>CAIO ENGLER MENDES</nome>
      </identificacao>
      <contato>
        <email>caioengler800@hotmail.com</email>
      </contato>
      <endereco>
        <cep>11030220</cep>
        <numero>84 A</numero>
        <logradouro>AVENIDA SENADOR CESAR LACERDA DE VERGUEIRO</logradouro>
        <bairro>PONTA DA PRAIA</bairro>
        <uf>35</uf>
        <municipio>48500</municipio>
        <complemento>CASA</complemento>
      </endereco>
    </responsavel>
    <listaCursos>
      <Curso>
        <codCurso>103901</codCurso>
        <serie>4</serie>
        <valores>
          <valorServico>1704.00</valorServico>
          <valorDescIncondicionado>1022.40</valorDescIncondicionado>
        </valores>
        <tpCurso>1</tpCurso>
        <dataInicioCurso>01/07/2021</dataInicioCurso>
        <icAtivo>1</icAtivo>
      </Curso>
    </listaCursos>
  </aluno>
  <aluno>
    <identificacao>
      <numeroIdentificacao>23778801856</numeroIdentificacao>
      <tipoIdentificacao>1</tipoIdentificacao>
      <nome>CAIO ENRIQUE ISIARA ESTEVAM</nome>
      <matricula>189800</matricula>
      <dataNascimento>27/04/2001</dataNascimento>
      <dataInicial>01/07/2021</dataInicial>
      <dataFinal>31/12/2021</dataFinal>
    </identificacao>
    <icResponsavel>1</icResponsavel>
    <icAtivo>1</icAtivo>
    <contato>
      <email>caio.isiara27@gmail.com</email>
    </contato>
    <endereco>
      <cep>11320160</cep>
      <numero>40</numero>
      <logradouro>RUA ONZE DE JUNHO</logradouro>
      <bairro>ITARARE</bairro>
      <uf>35</uf>
      <municipio>51009</municipio>
      <complemento>AP 23</complemento>
    </endereco>
    <responsavel>
      <identificacao>
        <numeroIdentificacao>23778801856</numeroIdentificacao>
        <tipoIdentificacao>1</tipoIdentificacao>
        <nome>CAIO ENRIQUE ISIARA ESTEVAM</nome>
      </identificacao>
      <contato>
        <email>caio.isiara27@gmail.com</email>
      </contato>
      <endereco>
        <cep>11320160</cep>
        <numero>40</numero>
        <logradouro>RUA ONZE DE JUNHO</logradouro>
        <bairro>ITARARE</bairro>
        <uf>35</uf>
        <municipio>51009</municipio>
        <complemento>AP 23</complemento>
      </endereco>
    </responsavel>
    <listaCursos>
      <Curso>
        <codCurso>100102</codCurso>
        <serie>4</serie>
        <valores>
          <valorServico>1349.00</valorServico>
          <valorDescIncondicionado>269.80</valorDescIncondicionado>
        </valores>
        <tpCurso>1</tpCurso>
        <dataInicioCurso>01/07/2021</dataInicioCurso>
        <icAtivo>1</icAtivo>
      </Curso>
    </listaCursos>
  </aluno>
  <aluno>
    <identificacao>
      <numeroIdentificacao>43902483830</numeroIdentificacao>
      <tipoIdentificacao>1</tipoIdentificacao>
      <nome>CAIO ENRIQUE MARCELLI FREITAS</nome>
      <matricula>150302</matricula>
      <dataNascimento>27/05/1996</dataNascimento>
      <dataInicial>01/07/2021</dataInicial>
      <dataFinal>31/12/2021</dataFinal>
    </identificacao>
    <icResponsavel>1</icResponsavel>
    <icAtivo>1</icAtivo>
    <contato>
      <email>CAIOENRIQUEMARCELLE@GMAIL.COM</email>
    </contato>
    <endereco>
      <cep>11709380</cep>
      <numero>111</numero>
      <logradouro>RUA JOSE BASILIO DA GAMA</logradouro>
      <bairro>JARDIM SOLEMAR </bairro>
      <uf>35</uf>
      <municipio>41000</municipio>
      <complemento>CASA</complemento>
    </endereco>
    <responsavel>
      <identificacao>
        <numeroIdentificacao>43902483830</numeroIdentificacao>
        <tipoIdentificacao>1</tipoIdentificacao>
        <nome>CAIO ENRIQUE MARCELLI FREITAS </nome>
      </identificacao>
      <contato>
        <email>CAIOENRIQUEMARCELLE@GMAIL.COM</email>
      </contato>
      <endereco>
        <cep>11709380</cep>
        <numero>111</numero>
        <logradouro>RUA JOSE BASILIO DA GAMA</logradouro>
        <bairro>JARDIM SOLEMAR </bairro>
        <uf>35</uf>
        <municipio>41000</municipio>
        <complemento>CASA</complemento>
      </endereco>
    </responsavel>
    <listaCursos>
      <Curso>
        <codCurso>104001</codCurso>
        <serie>10</serie>
        <valores>
          <valorServico>1704.00</valorServico>
          <valorDescIncondicionado>1704.00</valorDescIncondicionado>
        </valores>
        <tpCurso>1</tpCurso>
        <dataInicioCurso>01/07/2021</dataInicioCurso>
        <icAtivo>1</icAtivo>
      </Curso>
    </listaCursos>
  </aluno>
  <aluno>
    <identificacao>
      <numeroIdentificacao>40953021866</numeroIdentificacao>
      <tipoIdentificacao>1</tipoIdentificacao>
      <nome>CAIO FELIPE SANTOS DE SOUZA</nome>
      <matricula>198891</matricula>
      <dataNascimento>15/07/1991</dataNascimento>
      <dataInicial>01/07/2021</dataInicial>
      <dataFinal>31/12/2021</dataFinal>
    </identificacao>
    <icResponsavel>1</icResponsavel>
    <icAtivo>1</icAtivo>
    <contato>
      <email>caio.felipe.16.cfs@gmail.com</email>
    </contato>
    <endereco>
      <cep>11086060</cep>
      <numero>CASA</numero>
      <logradouro>BUSCANDO ENDERECO, AGUARDE...</logradouro>
      <bairro>AREIA BRANCA</bairro>
      <uf>35</uf>
      <municipio>48500</municipio>
    </endereco>
    <responsavel>
      <identificacao>
        <numeroIdentificacao>40953021866</numeroIdentificacao>
        <tipoIdentificacao>1</tipoIdentificacao>
        <nome>CAIO FELIPE SANTOS DE SOUZA</nome>
      </identificacao>
      <contato>
        <email>caio.felipe.16@hotmail.com</email>
      </contato>
      <endereco>
        <cep>11086060</cep>
        <numero>CASA</numero>
        <logradouro>BUSCANDO ENDERECO, AGUARDE...</logradouro>
        <bairro>AREIA BRANCA</bairro>
        <uf>35</uf>
        <municipio>48500</municipio>
      </endereco>
    </responsavel>
    <listaCursos>
      <Curso>
        <codCurso>103901</codCurso>
        <serie>5</serie>
        <valores>
          <valorServico>1704.00</valorServico>
          <valorDescIncondicionado>0.00</valorDescIncondicionado>
        </valores>
        <tpCurso>1</tpCurso>
        <dataInicioCurso>01/07/2021</dataInicioCurso>
        <icAtivo>1</icAtivo>
      </Curso>
    </listaCursos>
  </aluno>
  <aluno>
    <identificacao>
      <numeroIdentificacao>37303604855</numeroIdentificacao>
      <tipoIdentificacao>1</tipoIdentificacao>
      <nome>CAIO FELIPE SOARES DA LUZ</nome>
      <matricula>091922</matricula>
      <dataNascimento>08/01/1991</dataNascimento>
      <dataInicial>01/07/2021</dataInicial>
      <dataFinal>31/12/2021</dataFinal>
    </identificacao>
    <icResponsavel>1</icResponsavel>
    <icAtivo>1</icAtivo>
    <contato>
      <email>caiosv813@gmail.com</email>
    </contato>
    <endereco>
      <cep>11380380</cep>
      <numero>570</numero>
      <logradouro>RUA ESPIRITO SANTO 570</logradouro>
      <bairro>JARDIM INDEPENDENCIA</bairro>
      <uf>35</uf>
      <municipio>51009</municipio>
      <complemento>CASA</complemento>
    </endereco>
    <responsavel>
      <identificacao>
        <numeroIdentificacao>37303604855</numeroIdentificacao>
        <tipoIdentificacao>1</tipoIdentificacao>
        <nome>CAIO FELIPE SOARES DA LUZ</nome>
      </identificacao>
      <contato>
        <email>caiosv813@gmail.com</email>
      </contato>
      <endereco>
        <cep>11380380</cep>
        <numero>570</numero>
        <logradouro>RUA ESPIRITO SANTO 570</logradouro>
        <bairro>JARDIM INDEPENDENCIA</bairro>
        <uf>35</uf>
        <municipio>51009</municipio>
        <complemento>CASA</complemento>
      </endereco>
    </responsavel>
    <listaCursos>
      <Curso>
        <codCurso>105201</codCurso>
        <serie>4</serie>
        <valores>
          <valorServico>1551.00</valorServico>
          <valorDescIncondicionado>310.20</valorDescIncondicionado>
        </valores>
        <tpCurso>1</tpCurso>
        <dataInicioCurso>01/07/2021</dataInicioCurso>
        <icAtivo>1</icAtivo>
      </Curso>
    </listaCursos>
  </aluno>
  <aluno>
    <identificacao>
      <numeroIdentificacao>33800577895</numeroIdentificacao>
      <tipoIdentificacao>1</tipoIdentificacao>
      <nome>CAIO FIGUEIREDO SILVA</nome>
      <matricula>170754</matricula>
      <dataNascimento>15/01/2001</dataNascimento>
      <dataInicial>01/07/2021</dataInicial>
      <dataFinal>31/12/2021</dataFinal>
    </identificacao>
    <icResponsavel>1</icResponsavel>
    <icAtivo>1</icAtivo>
    <contato>
      <email>caiofigueiredosilva2001@hotmail.com</email>
    </contato>
    <endereco>
      <cep>11430160</cep>
      <numero>291</numero>
      <logradouro>RUA PADRE DONIZETE</logradouro>
      <bairro>Vila Ligya</bairro>
      <uf>35</uf>
      <municipio>18701</municipio>
    </endereco>
    <responsavel>
      <identificacao>
        <numeroIdentificacao>60833572687</numeroIdentificacao>
        <tipoIdentificacao>1</tipoIdentificacao>
        <nome>ADRIANA LOPES DE FIGUEIREDO SILVA</nome>
      </identificacao>
      <contato>
        <email>nfse@unisanta.br</email>
      </contato>
      <endereco>
        <cep>11430160</cep>
        <numero>291</numero>
        <logradouro>RUA PADRE DONIZETE</logradouro>
        <bairro>Vila Ligya</bairro>
        <uf>35</uf>
        <municipio>18701</municipio>
      </endereco>
    </responsavel>
    <listaCursos>
      <Curso>
        <codCurso>104001</codCurso>
        <serie>6</serie>
        <valores>
          <valorServico>1704.00</valorServico>
          <valorDescIncondicionado>0.00</valorDescIncondicionado>
        </valores>
        <tpCurso>1</tpCurso>
        <dataInicioCurso>01/07/2021</dataInicioCurso>
        <icAtivo>1</icAtivo>
      </Curso>
    </listaCursos>
  </aluno>
  <aluno>
    <identificacao>
      <numeroIdentificacao>45934977873</numeroIdentificacao>
      <tipoIdentificacao>1</tipoIdentificacao>
      <nome>CAIO FILLIPE MELLO CARVALHO DOS SANTOS</nome>
      <matricula>144773</matricula>
      <dataNascimento>09/06/1998</dataNascimento>
      <dataInicial>01/07/2021</dataInicial>
      <dataFinal>31/12/2021</dataFinal>
    </identificacao>
    <icResponsavel>1</icResponsavel>
    <icAtivo>1</icAtivo>
    <contato>
      <email>caio0906@hotmail.com</email>
    </contato>
    <endereco>
      <cep>11055330</cep>
      <numero>60</numero>
      <logradouro>RUA DOUTOR LUIS SUPLICY</logradouro>
      <bairro>GONZAGA</bairro>
      <uf>35</uf>
      <municipio>48500</municipio>
      <complemento>APTO 72</complemento>
    </endereco>
    <responsavel>
      <identificacao>
        <numeroIdentificacao>45934977873</numeroIdentificacao>
        <tipoIdentificacao>1</tipoIdentificacao>
        <nome>CAIO FILLIPE MELLO CARVALHO DOS SANTOS</nome>
      </identificacao>
      <contato>
        <email>caio0906@hotmail.com</email>
      </contato>
      <endereco>
        <cep>11055330</cep>
        <numero>60</numero>
        <logradouro>RUA DOUTOR LUIS SUPLICY</logradouro>
        <bairro>GONZAGA</bairro>
        <uf>35</uf>
        <municipio>48500</municipio>
        <complemento>APTO 72</complemento>
      </endereco>
    </responsavel>
    <listaCursos>
      <Curso>
        <codCurso>104701</codCurso>
        <serie>8</serie>
        <valores>
          <valorServico>1704.00</valorServico>
          <valorDescIncondicionado>340.80</valorDescIncondicionado>
        </valores>
        <tpCurso>1</tpCurso>
        <dataInicioCurso>01/07/2021</dataInicioCurso>
        <icAtivo>1</icAtivo>
      </Curso>
    </listaCursos>
  </aluno>
  <aluno>
    <identificacao>
      <numeroIdentificacao>47891684847</numeroIdentificacao>
      <tipoIdentificacao>1</tipoIdentificacao>
      <nome>CAIO FIRMINO CIANTELA</nome>
      <matricula>185554</matricula>
      <dataNascimento>28/11/2001</dataNascimento>
      <dataInicial>01/07/2021</dataInicial>
      <dataFinal>31/12/2021</dataFinal>
    </identificacao>
    <icResponsavel>1</icResponsavel>
    <icAtivo>1</icAtivo>
    <contato>
      <email>caiofirminociantela@gmail.com</email>
    </contato>
    <endereco>
      <cep>11330610</cep>
      <numero>242</numero>
      <logradouro>RUA MONTESE</logradouro>
      <bairro>VILA MARGARIDA</bairro>
      <uf>35</uf>
      <municipio>51009</municipio>
    </endereco>
    <responsavel>
      <identificacao>
        <numeroIdentificacao>47891684847</numeroIdentificacao>
        <tipoIdentificacao>1</tipoIdentificacao>
        <nome>CAIO FIRMINO CIANTELA</nome>
      </identificacao>
      <contato>
        <email>caiofirminociantela@gmail.com</email>
      </contato>
      <endereco>
        <cep>11330610</cep>
        <numero>242</numero>
        <logradouro>RUA MONTESE</logradouro>
        <bairro>VILA MARGARIDA</bairro>
        <uf>35</uf>
        <municipio>51009</municipio>
      </endereco>
    </responsavel>
    <listaCursos>
      <Curso>
        <codCurso>103301</codCurso>
        <serie>2</serie>
        <valores>
          <valorServico>2008.00</valorServico>
          <valorDescIncondicionado>1004.00</valorDescIncondicionado>
        </valores>
        <tpCurso>1</tpCurso>
        <dataInicioCurso>01/07/2021</dataInicioCurso>
        <icAtivo>1</icAtivo>
      </Curso>
    </listaCursos>
  </aluno>
  <aluno>
    <identificacao>
      <numeroIdentificacao>46003907843</numeroIdentificacao>
      <tipoIdentificacao>1</tipoIdentificacao>
      <nome>CAIO FORTUNATO PRIETO</nome>
      <matricula>188606</matricula>
      <dataNascimento>12/03/2001</dataNascimento>
      <dataInicial>01/07/2021</dataInicial>
      <dataFinal>31/12/2021</dataFinal>
    </identificacao>
    <icResponsavel>1</icResponsavel>
    <icAtivo>1</icAtivo>
    <contato>
      <email>caio_prieto08@hotmail.com</email>
    </contato>
    <endereco>
      <cep>11060481</cep>
      <numero>92</numero>
      <logradouro>BUSCANDO ENDERECO, AGUARDE...</logradouro>
      <bairro>GONZAGA</bairro>
      <uf>35</uf>
      <municipio>48500</municipio>
      <complemento>401</complemento>
    </endereco>
    <responsavel>
      <identificacao>
        <numeroIdentificacao>46003907843</numeroIdentificacao>
        <tipoIdentificacao>1</tipoIdentificacao>
        <nome>CAIO PRIETO</nome>
      </identificacao>
      <contato>
        <email>caio_prieto08@hotmail.com</email>
      </contato>
      <endereco>
        <cep>11060481</cep>
        <numero>92</numero>
        <logradouro>BUSCANDO ENDERECO, AGUARDE...</logradouro>
        <bairro>GONZAGA</bairro>
        <uf>35</uf>
        <municipio>48500</municipio>
        <complemento>401</complemento>
      </endereco>
    </responsavel>
    <listaCursos>
      <Curso>
        <codCurso>103201</codCurso>
        <serie>4</serie>
        <valores>
          <valorServico>1297.00</valorServico>
          <valorDescIncondicionado>389.10</valorDescIncondicionado>
        </valores>
        <tpCurso>1</tpCurso>
        <dataInicioCurso>01/07/2021</dataInicioCurso>
        <icAtivo>1</icAtivo>
      </Curso>
    </listaCursos>
  </aluno>
  <aluno>
    <identificacao>
      <numeroIdentificacao>31778434819</numeroIdentificacao>
      <tipoIdentificacao>1</tipoIdentificacao>
      <nome>CAIO GUTTEMBERG DOS SANTOS RIBEIRO</nome>
      <matricula>204199</matricula>
      <dataNascimento>10/08/1983</dataNascimento>
      <dataInicial>01/07/2021</dataInicial>
      <dataFinal>31/12/2021</dataFinal>
    </identificacao>
    <icResponsavel>1</icResponsavel>
    <icAtivo>1</icAtivo>
    <contato>
      <email>caio.guttemberg.stos54@gmail.com</email>
    </contato>
    <endereco>
      <cep>11013550</cep>
      <numero>42</numero>
      <logradouro>AVENIDA RANGEL PESTANA</logradouro>
      <bairro>VILA MATIAS</bairro>
      <uf>35</uf>
      <municipio>48500</municipio>
      <complemento>25</complemento>
    </endereco>
    <responsavel>
      <identificacao>
        <numeroIdentificacao>31778434819</numeroIdentificacao>
        <tipoIdentificacao>1</tipoIdentificacao>
        <nome>CAIO GUTTEMBERG DOS SANTOS RIBEIRO</nome>
      </identificacao>
      <contato>
        <email>caio.guttemberg.stos54@gmail.com</email>
      </contato>
      <endereco>
        <cep>11013550</cep>
        <numero>42</numero>
        <logradouro>AVENIDA RANGEL PESTANA</logradouro>
        <bairro>VILA MATIAS</bairro>
        <uf>35</uf>
        <municipio>48500</municipio>
        <complemento>25</complemento>
      </endereco>
    </responsavel>
    <listaCursos>
      <Curso>
        <codCurso>103201</codCurso>
        <serie>1</serie>
        <valores>
          <valorServico>1297.00</valorServico>
          <valorDescIncondicionado>0.00</valorDescIncondicionado>
        </valores>
        <tpCurso>1</tpCurso>
        <dataInicioCurso>01/07/2021</dataInicioCurso>
        <icAtivo>1</icAtivo>
      </Curso>
    </listaCursos>
  </aluno>
  <aluno>
    <identificacao>
      <numeroIdentificacao>43628414822</numeroIdentificacao>
      <tipoIdentificacao>1</tipoIdentificacao>
      <nome>CAIO HENRIQUE DE OLIVEIRA PIRES</nome>
      <matricula>155098</matricula>
      <dataNascimento>20/08/1998</dataNascimento>
      <dataInicial>01/07/2021</dataInicial>
      <dataFinal>31/12/2021</dataFinal>
    </identificacao>
    <icResponsavel>1</icResponsavel>
    <icAtivo>1</icAtivo>
    <contato>
      <email>caiohenriiiique123@gmail.com</email>
    </contato>
    <endereco>
      <cep>11713140</cep>
      <numero>75</numero>
      <logradouro>JOSE CARDOSO</logradouro>
      <bairro>SAMAMBAIS</bairro>
      <uf>35</uf>
      <municipio>41000</municipio>
      <complemento>CASA</complemento>
    </endereco>
    <responsavel>
      <identificacao>
        <numeroIdentificacao>24585808825</numeroIdentificacao>
        <tipoIdentificacao>1</tipoIdentificacao>
        <nome>CARLOS ALBERTO PIRES</nome>
      </identificacao>
      <contato>
        <email>nfse@unisanta.br</email>
      </contato>
      <endereco>
        <cep>11713140</cep>
        <numero>75</numero>
        <logradouro>JOSE CARDOSO</logradouro>
        <bairro>SAMAMBAIS</bairro>
        <uf>35</uf>
        <municipio>41000</municipio>
        <complemento>CASA</complemento>
      </endereco>
    </responsavel>
    <listaCursos>
      <Curso>
        <codCurso>103901</codCurso>
        <serie>8</serie>
        <valores>
          <valorServico>1704.00</valorServico>
          <valorDescIncondicionado>1022.40</valorDescIncondicionado>
        </valores>
        <tpCurso>1</tpCurso>
        <dataInicioCurso>01/07/2021</dataInicioCurso>
        <icAtivo>1</icAtivo>
      </Curso>
    </listaCursos>
  </aluno>
  <aluno>
    <identificacao>
      <numeroIdentificacao>44386904808</numeroIdentificacao>
      <tipoIdentificacao>1</tipoIdentificacao>
      <nome>CAIO HENRIQUE FERREIRA PEREIRA</nome>
      <matricula>153883</matricula>
      <dataNascimento>17/05/2000</dataNascimento>
      <dataInicial>01/07/2021</dataInicial>
      <dataFinal>31/12/2021</dataFinal>
    </identificacao>
    <icResponsavel>1</icResponsavel>
    <icAtivo>1</icAtivo>
    <contato>
      <email>caio-pereira2000@live.com</email>
    </contato>
    <endereco>
      <cep>11451240</cep>
      <numero>801</numero>
      <logradouro>RUA SAO PAULO VALAO</logradouro>
      <bairro>SITIO PAECARA (VICENTE DE CARVALHO)</bairro>
      <uf>35</uf>
      <municipio>18701</municipio>
    </endereco>
    <responsavel>
      <identificacao>
        <numeroIdentificacao>05198638870</numeroIdentificacao>
        <tipoIdentificacao>1</tipoIdentificacao>
        <nome>MIRIS LEILA FERREIRA PEREIRA</nome>
      </identificacao>
      <contato>
        <email>MIRISLEILA@HOTMAIL.COM</email>
      </contato>
      <endereco>
        <cep>11451240</cep>
        <numero>801</numero>
        <logradouro>RUA SAO PAULO VALAO</logradouro>
        <bairro>SITIO PAECARA (VICENTE DE CARVALHO)</bairro>
        <uf>35</uf>
        <municipio>18701</municipio>
      </endereco>
    </responsavel>
    <listaCursos>
      <Curso>
        <codCurso>104001</codCurso>
        <serie>6</serie>
        <valores>
          <valorServico>1704.00</valorServico>
          <valorDescIncondicionado>1704.00</valorDescIncondicionado>
        </valores>
        <tpCurso>1</tpCurso>
        <dataInicioCurso>01/07/2021</dataInicioCurso>
        <icAtivo>1</icAtivo>
      </Curso>
    </listaCursos>
  </aluno>
  <aluno>
    <identificacao>
      <numeroIdentificacao>37755817822</numeroIdentificacao>
      <tipoIdentificacao>1</tipoIdentificacao>
      <nome>CAIO HENRIQUE SIERRAS URBANI</nome>
      <matricula>182164</matricula>
      <dataNascimento>06/11/1989</dataNascimento>
      <dataInicial>01/07/2021</dataInicial>
      <dataFinal>31/12/2021</dataFinal>
    </identificacao>
    <icResponsavel>1</icResponsavel>
    <icAtivo>1</icAtivo>
    <contato>
      <email>caio_urbani@yahoo.com.br</email>
    </contato>
    <endereco>
      <cep>11045050</cep>
      <numero>60</numero>
      <logradouro>RUA SOARES DE CAMARGO</logradouro>
      <bairro>BOQUEIRAO</bairro>
      <uf>35</uf>
      <municipio>48500</municipio>
      <complemento>BL. B APTO.17</complemento>
    </endereco>
    <responsavel>
      <identificacao>
        <numeroIdentificacao>37755817822</numeroIdentificacao>
        <tipoIdentificacao>1</tipoIdentificacao>
        <nome>CAIO HENRIQUE SIERRAS URBANI</nome>
      </identificacao>
      <contato>
        <email>caio_urbani@yahoo.com.br</email>
      </contato>
      <endereco>
        <cep>11045050</cep>
        <numero>60</numero>
        <logradouro>RUA SOARES DE CAMARGO</logradouro>
        <bairro>BOQUEIRAO</bairro>
        <uf>35</uf>
        <municipio>48500</municipio>
        <complemento>BL. B APTO.17</complemento>
      </endereco>
    </responsavel>
    <listaCursos>
      <Curso>
        <codCurso>103901</codCurso>
        <serie>10</serie>
        <valores>
          <valorServico>1704.00</valorServico>
          <valorDescIncondicionado>0.00</valorDescIncondicionado>
        </valores>
        <tpCurso>1</tpCurso>
        <dataInicioCurso>01/07/2021</dataInicioCurso>
        <icAtivo>1</icAtivo>
      </Curso>
    </listaCursos>
  </aluno>
  <aluno>
    <identificacao>
      <numeroIdentificacao>48489781818</numeroIdentificacao>
      <tipoIdentificacao>1</tipoIdentificacao>
      <nome>CAIO HERMIDA BOUZA MOREIRA</nome>
      <matricula>149718</matricula>
      <dataNascimento>01/12/1997</dataNascimento>
      <dataInicial>01/07/2021</dataInicial>
      <dataFinal>31/12/2021</dataFinal>
    </identificacao>
    <icResponsavel>1</icResponsavel>
    <icAtivo>1</icAtivo>
    <contato>
      <email>caio.hermida@hotmail.com</email>
    </contato>
    <endereco>
      <cep>11442190</cep>
      <numero>210</numero>
      <logradouro>RUA ACRE</logradouro>
      <bairro>JARDIM VIRGINIA</bairro>
      <uf>35</uf>
      <municipio>18701</municipio>
      <complemento>APTO.22</complemento>
    </endereco>
    <responsavel>
      <identificacao>
        <numeroIdentificacao>48489781818</numeroIdentificacao>
        <tipoIdentificacao>1</tipoIdentificacao>
        <nome>CAIO HERMIDA BOUZA MOREIRA</nome>
      </identificacao>
      <contato>
        <email>caio.herrmida@hotmail.com</email>
      </contato>
      <endereco>
        <cep>11442190</cep>
        <numero>210</numero>
        <logradouro>RUA ACRE</logradouro>
        <bairro>JARDIM VIRGINIA</bairro>
        <uf>35</uf>
        <municipio>18701</municipio>
        <complemento>APTO.22</complemento>
      </endereco>
    </responsavel>
    <listaCursos>
      <Curso>
        <codCurso>100102</codCurso>
        <serie>5</serie>
        <valores>
          <valorServico>1349.00</valorServico>
          <valorDescIncondicionado>0.00</valorDescIncondicionado>
        </valores>
        <tpCurso>1</tpCurso>
        <dataInicioCurso>01/07/2021</dataInicioCurso>
        <icAtivo>1</icAtivo>
      </Curso>
    </listaCursos>
  </aluno>
  <aluno>
    <identificacao>
      <numeroIdentificacao>41333858884</numeroIdentificacao>
      <tipoIdentificacao>1</tipoIdentificacao>
      <nome>CAIO JESUS TELES MENEZES</nome>
      <matricula>147851</matricula>
      <dataNascimento>01/02/1998</dataNascimento>
      <dataInicial>01/07/2021</dataInicial>
      <dataFinal>31/12/2021</dataFinal>
    </identificacao>
    <icResponsavel>1</icResponsavel>
    <icAtivo>1</icAtivo>
    <contato>
      <email>caiotelesm@outlook.com</email>
    </contato>
    <endereco>
      <cep>11410330</cep>
      <numero>450</numero>
      <logradouro>RUA SANTOS</logradouro>
      <bairro>BARRA FUNDA</bairro>
      <uf>35</uf>
      <municipio>18701</municipio>
      <complemento>APTO 131B</complemento>
    </endereco>
    <responsavel>
      <identificacao>
        <numeroIdentificacao>41333858884</numeroIdentificacao>
        <tipoIdentificacao>1</tipoIdentificacao>
        <nome>CAIO JESUS TELES MENEZES</nome>
      </identificacao>
      <contato>
        <email>caiotelesm@outlook.com</email>
      </contato>
      <endereco>
        <cep>11410330</cep>
        <numero>450</numero>
        <logradouro>RUA SANTOS</logradouro>
        <bairro>BARRA FUNDA</bairro>
        <uf>35</uf>
        <municipio>18701</municipio>
        <complemento>APTO 131B</complemento>
      </endereco>
    </responsavel>
    <listaCursos>
      <Curso>
        <codCurso>100102</codCurso>
        <serie>6</serie>
        <valores>
          <valorServico>1349.00</valorServico>
          <valorDescIncondicionado>0.00</valorDescIncondicionado>
        </valores>
        <tpCurso>1</tpCurso>
        <dataInicioCurso>01/07/2021</dataInicioCurso>
        <icAtivo>1</icAtivo>
      </Curso>
    </listaCursos>
  </aluno>
  <aluno>
    <identificacao>
      <numeroIdentificacao>44642399860</numeroIdentificacao>
      <tipoIdentificacao>1</tipoIdentificacao>
      <nome>CAIO LIMA CARAUBA DOS SANTOS</nome>
      <matricula>171936</matricula>
      <dataNascimento>15/11/2000</dataNascimento>
      <dataInicial>01/07/2021</dataInicial>
      <dataFinal>31/12/2021</dataFinal>
    </identificacao>
    <icResponsavel>1</icResponsavel>
    <icAtivo>1</icAtivo>
    <contato>
      <email>caiocarauba@hotmail.com</email>
    </contato>
    <endereco>
      <cep>11340270</cep>
      <numero>261</numero>
      <logradouro>AVENIDA PREFEITO PRESTES MAIA</logradouro>
      <bairro>ESPLANADA DOS BARREIROS</bairro>
      <uf>35</uf>
      <municipio>51009</municipio>
      <complemento>ALTOS </complemento>
    </endereco>
    <responsavel>
      <identificacao>
        <numeroIdentificacao>26903449809</numeroIdentificacao>
        <tipoIdentificacao>1</tipoIdentificacao>
        <nome>LUCIANA LIMA CARAUBA DOS SANTOS </nome>
      </identificacao>
      <contato>
        <email>lucianacarauba@hotmail.com</email>
      </contato>
      <endereco>
        <cep>11340270</cep>
        <numero>261</numero>
        <logradouro>AVENIDA PREFEITO PRESTES MAIA</logradouro>
        <bairro>ESPLANADA DOS BARREIROS</bairro>
        <uf>35</uf>
        <municipio>51009</municipio>
        <complemento>ALTOS </complemento>
      </endereco>
    </responsavel>
    <listaCursos>
      <Curso>
        <codCurso>103001</codCurso>
        <serie>4</serie>
        <valores>
          <valorServico>3274.00</valorServico>
          <valorDescIncondicionado>0.00</valorDescIncondicionado>
        </valores>
        <tpCurso>1</tpCurso>
        <dataInicioCurso>01/07/2021</dataInicioCurso>
        <icAtivo>1</icAtivo>
      </Curso>
    </listaCursos>
  </aluno>
  <aluno>
    <identificacao>
      <numeroIdentificacao>40165323884</numeroIdentificacao>
      <tipoIdentificacao>1</tipoIdentificacao>
      <nome>CAIO LUIZ ALVES</nome>
      <matricula>171070</matricula>
      <dataNascimento>09/11/1998</dataNascimento>
      <dataInicial>01/07/2021</dataInicial>
      <dataFinal>31/12/2021</dataFinal>
    </identificacao>
    <icResponsavel>1</icResponsavel>
    <icAtivo>1</icAtivo>
    <contato>
      <email>Caioluiz_adm@outlook.com</email>
    </contato>
    <endereco>
      <cep>11025020</cep>
      <numero>79</numero>
      <logradouro>RUA TORRES HOMEM</logradouro>
      <bairro>BOQUEIRAO</bairro>
      <uf>35</uf>
      <municipio>48500</municipio>
      <complemento>CASA 03</complemento>
    </endereco>
    <responsavel>
      <identificacao>
        <numeroIdentificacao>26146425842</numeroIdentificacao>
        <tipoIdentificacao>1</tipoIdentificacao>
        <nome>PATRICIA COSTA SANTOS ALVES</nome>
      </identificacao>
      <contato>
        <email>pacato13@hotmail.com</email>
      </contato>
      <endereco>
        <cep>11025020</cep>
        <numero>79</numero>
        <logradouro>RUA TORRES HOMEM</logradouro>
        <bairro>BOQUEIRAO</bairro>
        <uf>35</uf>
        <municipio>48500</municipio>
        <complemento>CASA 03</complemento>
      </endereco>
    </responsavel>
    <listaCursos>
      <Curso>
        <codCurso>100102</codCurso>
        <serie>2</serie>
        <valores>
          <valorServico>1349.00</valorServico>
          <valorDescIncondicionado>1349.00</valorDescIncondicionado>
        </valores>
        <tpCurso>1</tpCurso>
        <dataInicioCurso>01/07/2021</dataInicioCurso>
        <icAtivo>1</icAtivo>
      </Curso>
    </listaCursos>
  </aluno>
  <aluno>
    <identificacao>
      <numeroIdentificacao>05693100162</numeroIdentificacao>
      <tipoIdentificacao>1</tipoIdentificacao>
      <nome>CAIO LUIZ PIRAMIDES OLIVEIRA</nome>
      <matricula>166629</matricula>
      <dataNascimento>10/01/2001</dataNascimento>
      <dataInicial>01/07/2021</dataInicial>
      <dataFinal>31/12/2021</dataFinal>
    </identificacao>
    <icResponsavel>1</icResponsavel>
    <icAtivo>1</icAtivo>
    <contato>
      <email>caiopiramides@hotmail.com</email>
    </contato>
    <endereco>
      <cep>11750000</cep>
      <numero>88</numero>
      <logradouro> RUA NICOLAU PRESTES</logradouro>
      <bairro>CENTRO</bairro>
      <uf>35</uf>
      <municipio>37602</municipio>
      <complemento>CASA</complemento>
    </endereco>
    <responsavel>
      <identificacao>
        <numeroIdentificacao>40661288668</numeroIdentificacao>
        <tipoIdentificacao>1</tipoIdentificacao>
        <nome>GERALDO IVAN OLIVEIRA DA CRUZ</nome>
      </identificacao>
      <contato>
        <email>nfse@unisanta.br</email>
      </contato>
      <endereco>
        <cep>11750000</cep>
        <numero>88</numero>
        <logradouro> RUA NICOLAU PRESTES</logradouro>
        <bairro>CENTRO</bairro>
        <uf>35</uf>
        <municipio>37602</municipio>
        <complemento>CASA</complemento>
      </endereco>
    </responsavel>
    <listaCursos>
      <Curso>
        <codCurso>103001</codCurso>
        <serie>6</serie>
        <valores>
          <valorServico>3274.00</valorServico>
          <valorDescIncondicionado>2291.80</valorDescIncondicionado>
        </valores>
        <tpCurso>1</tpCurso>
        <dataInicioCurso>01/07/2021</dataInicioCurso>
        <icAtivo>1</icAtivo>
      </Curso>
    </listaCursos>
  </aluno>
  <aluno>
    <identificacao>
      <numeroIdentificacao>44917628806</numeroIdentificacao>
      <tipoIdentificacao>1</tipoIdentificacao>
      <nome>CAIO MAIA GARCIA</nome>
      <matricula>197434</matricula>
      <dataNascimento>13/04/1998</dataNascimento>
      <dataInicial>01/07/2021</dataInicial>
      <dataFinal>31/12/2021</dataFinal>
    </identificacao>
    <icResponsavel>1</icResponsavel>
    <icAtivo>1</icAtivo>
    <contato>
      <email>caio100garcia@hotmail.com</email>
    </contato>
    <endereco>
      <cep>11320350</cep>
      <numero>160</numero>
      <logradouro>ALAMEDA PAULO GONCALVES</logradouro>
      <bairro>ILHA PORCHAT</bairro>
      <uf>35</uf>
      <municipio>51009</municipio>
      <complemento>10</complemento>
    </endereco>
    <responsavel>
      <identificacao>
        <numeroIdentificacao>44917628806</numeroIdentificacao>
        <tipoIdentificacao>1</tipoIdentificacao>
        <nome>CAIO MAIA GARCIA</nome>
      </identificacao>
      <contato>
        <email>caio100garcia@hotmail.com</email>
      </contato>
      <endereco>
        <cep>11320350</cep>
        <numero>160</numero>
        <logradouro>ALAMEDA PAULO GONCALVES</logradouro>
        <bairro>ILHA PORCHAT</bairro>
        <uf>35</uf>
        <municipio>51009</municipio>
        <complemento>10</complemento>
      </endereco>
    </responsavel>
    <listaCursos>
      <Curso>
        <codCurso>103901</codCurso>
        <serie>8</serie>
        <valores>
          <valorServico>1704.00</valorServico>
          <valorDescIncondicionado>0.00</valorDescIncondicionado>
        </valores>
        <tpCurso>1</tpCurso>
        <dataInicioCurso>01/07/2021</dataInicioCurso>
        <icAtivo>1</icAtivo>
      </Curso>
    </listaCursos>
  </aluno>
  <aluno>
    <identificacao>
      <numeroIdentificacao>47383210808</numeroIdentificacao>
      <tipoIdentificacao>1</tipoIdentificacao>
      <nome>CAIO MARIANO AIRES</nome>
      <matricula>201099</matricula>
      <dataNascimento>08/12/2003</dataNascimento>
      <dataInicial>01/07/2021</dataInicial>
      <dataFinal>31/12/2021</dataFinal>
    </identificacao>
    <icResponsavel>1</icResponsavel>
    <icAtivo>1</icAtivo>
    <contato>
      <email>caiomarianoaires@gmail.com</email>
    </contato>
    <endereco>
      <cep>11410240</cep>
      <numero>113</numero>
      <logradouro>ALAMEDA MARECHAL FLORIANO PEIXOTO</logradouro>
      <bairro>morro do maluf</bairro>
      <uf>35</uf>
      <municipio>18701</municipio>
      <complemento>44</complemento>
    </endereco>
    <responsavel>
      <identificacao>
        <numeroIdentificacao>25864060879</numeroIdentificacao>
        <tipoIdentificacao>1</tipoIdentificacao>
        <nome>ANDREA MARIANO AIRES</nome>
      </identificacao>
      <contato>
        <email>dea.mariano@hotmail.com</email>
      </contato>
      <endereco>
        <cep>11410240</cep>
        <numero>113</numero>
        <logradouro>ALAMEDA MARECHAL FLORIANO PEIXOTO</logradouro>
        <bairro>morro do maluf</bairro>
        <uf>35</uf>
        <municipio>18701</municipio>
        <complemento>44</complemento>
      </endereco>
    </responsavel>
    <listaCursos>
      <Curso>
        <codCurso>103301</codCurso>
        <serie>2</serie>
        <valores>
          <valorServico>2008.00</valorServico>
          <valorDescIncondicionado>0.00</valorDescIncondicionado>
        </valores>
        <tpCurso>1</tpCurso>
        <dataInicioCurso>01/07/2021</dataInicioCurso>
        <icAtivo>1</icAtivo>
      </Curso>
    </listaCursos>
  </aluno>
  <aluno>
    <identificacao>
      <numeroIdentificacao>49805852806</numeroIdentificacao>
      <tipoIdentificacao>1</tipoIdentificacao>
      <nome>CAIO MATHEUS PEREIRA DOS SANTOS</nome>
      <matricula>166272</matricula>
      <dataNascimento>26/04/2000</dataNascimento>
      <dataInicial>01/07/2021</dataInicial>
      <dataFinal>31/12/2021</dataFinal>
    </identificacao>
    <icResponsavel>1</icResponsavel>
    <icAtivo>1</icAtivo>
    <contato>
      <email>Cmpereira.santos00@gmail.com</email>
    </contato>
    <endereco>
      <cep>11086400</cep>
      <numero>363</numero>
      <logradouro>RUA ENGENHEIRO MANOEL FERRAMENTA JUNIOR</logradouro>
      <bairro>AREIA BRANCA</bairro>
      <uf>35</uf>
      <municipio>48500</municipio>
      <complemento>APTO</complemento>
    </endereco>
    <responsavel>
      <identificacao>
        <numeroIdentificacao>49805852806</numeroIdentificacao>
        <tipoIdentificacao>1</tipoIdentificacao>
        <nome>CAIO MATHEUS PEREIRA DOS SANTOS</nome>
      </identificacao>
      <contato>
        <email>caio.matheus.fofo@gmail.com</email>
      </contato>
      <endereco>
        <cep>11086400</cep>
        <numero>363</numero>
        <logradouro>RUA ENGENHEIRO MANOEL FERRAMENTA JUNIOR</logradouro>
        <bairro>AREIA BRANCA</bairro>
        <uf>35</uf>
        <municipio>48500</municipio>
        <complemento>APTO</complemento>
      </endereco>
    </responsavel>
    <listaCursos>
      <Curso>
        <codCurso>104701</codCurso>
        <serie>6</serie>
        <valores>
          <valorServico>1704.00</valorServico>
          <valorDescIncondicionado>1704.00</valorDescIncondicionado>
        </valores>
        <tpCurso>1</tpCurso>
        <dataInicioCurso>01/07/2021</dataInicioCurso>
        <icAtivo>1</icAtivo>
      </Curso>
    </listaCursos>
  </aluno>
  <aluno>
    <identificacao>
      <numeroIdentificacao>45649692858</numeroIdentificacao>
      <tipoIdentificacao>1</tipoIdentificacao>
      <nome>CAIO MATHEUS SALCEDO DE OLIVEIRA</nome>
      <matricula>203613</matricula>
      <dataNascimento>31/03/1996</dataNascimento>
      <dataInicial>01/07/2021</dataInicial>
      <dataFinal>31/12/2021</dataFinal>
    </identificacao>
    <icResponsavel>1</icResponsavel>
    <icAtivo>1</icAtivo>
    <contato>
      <email>cmso.jau@hotmail.com</email>
    </contato>
    <endereco>
      <cep>11030151</cep>
      <numero>127</numero>
      <logradouro>RUA REPUBLICA DO EQUADOR</logradouro>
      <bairro>PONTA DA PRAIA</bairro>
      <uf>35</uf>
      <municipio>48500</municipio>
      <complemento>APTO</complemento>
    </endereco>
    <responsavel>
      <identificacao>
        <numeroIdentificacao>45649692858</numeroIdentificacao>
        <tipoIdentificacao>1</tipoIdentificacao>
        <nome>CAIO MATHEUS SALCEDO DE OLIVEIRA</nome>
      </identificacao>
      <contato>
        <email>cmso.jau@hotmail.com</email>
      </contato>
      <endereco>
        <cep>11030151</cep>
        <numero>127</numero>
        <logradouro>RUA REPUBLICA DO EQUADOR</logradouro>
        <bairro>PONTA DA PRAIA</bairro>
        <uf>35</uf>
        <municipio>48500</municipio>
        <complemento>APTO</complemento>
      </endereco>
    </responsavel>
    <listaCursos>
      <Curso>
        <codCurso>103201</codCurso>
        <serie>6</serie>
        <valores>
          <valorServico>1297.00</valorServico>
          <valorDescIncondicionado>0.00</valorDescIncondicionado>
        </valores>
        <tpCurso>1</tpCurso>
        <dataInicioCurso>01/07/2021</dataInicioCurso>
        <icAtivo>1</icAtivo>
      </Curso>
    </listaCursos>
  </aluno>
  <aluno>
    <identificacao>
      <numeroIdentificacao>51368475817</numeroIdentificacao>
      <tipoIdentificacao>1</tipoIdentificacao>
      <nome>CAIO MATHEUS SILVA DE LIMA</nome>
      <matricula>157755</matricula>
      <dataNascimento>12/04/1998</dataNascimento>
      <dataInicial>01/07/2021</dataInicial>
      <dataFinal>31/12/2021</dataFinal>
    </identificacao>
    <icResponsavel>1</icResponsavel>
    <icAtivo>1</icAtivo>
    <contato>
      <email>caiomatheus_lima@hotmail.com</email>
    </contato>
    <endereco>
      <cep>11065401</cep>
      <numero>121</numero>
      <logradouro>AVENIDA GENERAL FRANCISCO GLICERIO</logradouro>
      <bairro>GONZAGA</bairro>
      <uf>35</uf>
      <municipio>48500</municipio>
      <complemento>AP 41</complemento>
    </endereco>
    <responsavel>
      <identificacao>
        <numeroIdentificacao>08050467805</numeroIdentificacao>
        <tipoIdentificacao>1</tipoIdentificacao>
        <nome>MARIA DO SOCORRO CONCEICAO SILVA</nome>
      </identificacao>
      <contato>
        <email>caiomatheus_lima@hotmail.com</email>
      </contato>
      <endereco>
        <cep>11065401</cep>
        <numero>121</numero>
        <logradouro>AVENIDA GENERAL FRANCISCO GLICERIO</logradouro>
        <bairro>GONZAGA</bairro>
        <uf>35</uf>
        <municipio>48500</municipio>
        <complemento>AP 41</complemento>
      </endereco>
    </responsavel>
    <listaCursos>
      <Curso>
        <codCurso>103001</codCurso>
        <serie>8</serie>
        <valores>
          <valorServico>3274.00</valorServico>
          <valorDescIncondicionado>0.00</valorDescIncondicionado>
        </valores>
        <tpCurso>1</tpCurso>
        <dataInicioCurso>01/07/2021</dataInicioCurso>
        <icAtivo>1</icAtivo>
      </Curso>
    </listaCursos>
  </aluno>
  <aluno>
    <identificacao>
      <numeroIdentificacao>34907490810</numeroIdentificacao>
      <tipoIdentificacao>1</tipoIdentificacao>
      <nome>CAIO MONTEIRO CAMARGO VICENTE DA SILVA</nome>
      <matricula>157920</matricula>
      <dataNascimento>13/06/2000</dataNascimento>
      <dataInicial>01/07/2021</dataInicial>
      <dataFinal>31/12/2021</dataFinal>
    </identificacao>
    <icResponsavel>1</icResponsavel>
    <icAtivo>1</icAtivo>
    <contato>
      <email>nailac68@terra.com.br</email>
    </contato>
    <endereco>
      <cep>11025160</cep>
      <numero>19</numero>
      <logradouro>RUA GENERAL JARDIM</logradouro>
      <bairro>EMBARE</bairro>
      <uf>35</uf>
      <municipio>48500</municipio>
    </endereco>
    <responsavel>
      <identificacao>
        <numeroIdentificacao>04821419807</numeroIdentificacao>
        <tipoIdentificacao>1</tipoIdentificacao>
        <nome>FLAVIO VICENTE DA SILVA</nome>
      </identificacao>
      <contato>
        <email>nfse@unisanta.br</email>
      </contato>
      <endereco>
        <cep>11025160</cep>
        <numero>19</numero>
        <logradouro>RUA GENERAL JARDIM</logradouro>
        <bairro>EMBARE</bairro>
        <uf>35</uf>
        <municipio>48500</municipio>
      </endereco>
    </responsavel>
    <listaCursos>
      <Curso>
        <codCurso>100201</codCurso>
        <serie>8</serie>
        <valores>
          <valorServico>1925.00</valorServico>
          <valorDescIncondicionado>1925.00</valorDescIncondicionado>
        </valores>
        <tpCurso>1</tpCurso>
        <dataInicioCurso>01/07/2021</dataInicioCurso>
        <icAtivo>1</icAtivo>
      </Curso>
    </listaCursos>
  </aluno>
  <aluno>
    <identificacao>
      <numeroIdentificacao>50725588861</numeroIdentificacao>
      <tipoIdentificacao>1</tipoIdentificacao>
      <nome>CAIO MONTEIRO DE OLIVEIRA</nome>
      <matricula>188540</matricula>
      <dataNascimento>26/01/2000</dataNascimento>
      <dataInicial>01/07/2021</dataInicial>
      <dataFinal>31/12/2021</dataFinal>
    </identificacao>
    <icResponsavel>1</icResponsavel>
    <icAtivo>1</icAtivo>
    <contato>
      <email>caio2601@hotmail.com</email>
    </contato>
    <endereco>
      <cep>11025240</cep>
      <numero>42</numero>
      <logradouro>RUA BERNARDO BROWNE</logradouro>
      <bairro>ESTUARIO</bairro>
      <uf>35</uf>
      <municipio>48500</municipio>
      <complemento>A</complemento>
    </endereco>
    <responsavel>
      <identificacao>
        <numeroIdentificacao>09175395835</numeroIdentificacao>
        <tipoIdentificacao>1</tipoIdentificacao>
        <nome>CLAUDIO LUIZ FURLAN DE OLIVEIRA</nome>
      </identificacao>
      <contato>
        <email>claudiofurlan@hotmail.com</email>
      </contato>
      <endereco>
        <cep>11025240</cep>
        <numero>42</numero>
        <logradouro>RUA BERNARDO BROWNE</logradouro>
        <bairro>ESTUARIO</bairro>
        <uf>35</uf>
        <municipio>48500</municipio>
        <complemento>A</complemento>
      </endereco>
    </responsavel>
    <listaCursos>
      <Curso>
        <codCurso>104001</codCurso>
        <serie>4</serie>
        <valores>
          <valorServico>1704.00</valorServico>
          <valorDescIncondicionado>0.00</valorDescIncondicionado>
        </valores>
        <tpCurso>1</tpCurso>
        <dataInicioCurso>01/07/2021</dataInicioCurso>
        <icAtivo>1</icAtivo>
      </Curso>
    </listaCursos>
  </aluno>
  <aluno>
    <identificacao>
      <numeroIdentificacao>37040653826</numeroIdentificacao>
      <tipoIdentificacao>1</tipoIdentificacao>
      <nome>CAIO NAVAJAS RIBEIRO</nome>
      <matricula>149054</matricula>
      <dataNascimento>01/12/1987</dataNascimento>
      <dataInicial>01/07/2021</dataInicial>
      <dataFinal>31/12/2021</dataFinal>
    </identificacao>
    <icResponsavel>1</icResponsavel>
    <icAtivo>1</icAtivo>
    <contato>
      <email>caio.nvj@hotmail.com</email>
    </contato>
    <endereco>
      <cep>11045200</cep>
      <numero>506</numero>
      <logradouro>AV SIQUEIRA CAMPOS</logradouro>
      <bairro>BOQUIERAO</bairro>
      <uf>35</uf>
      <municipio>48500</municipio>
      <complemento>83</complemento>
    </endereco>
    <responsavel>
      <identificacao>
        <numeroIdentificacao>37040653826</numeroIdentificacao>
        <tipoIdentificacao>1</tipoIdentificacao>
        <nome>CAIO NAVAJAS RIBEIRO</nome>
      </identificacao>
      <contato>
        <email>caio.nvj@hotmail.com</email>
      </contato>
      <endereco>
        <cep>11045200</cep>
        <numero>506</numero>
        <logradouro>AV SIQUEIRA CAMPOS</logradouro>
        <bairro>BOQUIERAO</bairro>
        <uf>35</uf>
        <municipio>48500</municipio>
        <complemento>83</complemento>
      </endereco>
    </responsavel>
    <listaCursos>
      <Curso>
        <codCurso>100201</codCurso>
        <serie>6</serie>
        <valores>
          <valorServico>1925.00</valorServico>
          <valorDescIncondicionado>385.00</valorDescIncondicionado>
        </valores>
        <tpCurso>1</tpCurso>
        <dataInicioCurso>01/07/2021</dataInicioCurso>
        <icAtivo>1</icAtivo>
      </Curso>
    </listaCursos>
  </aluno>
  <aluno>
    <identificacao>
      <numeroIdentificacao>46703938806</numeroIdentificacao>
      <tipoIdentificacao>1</tipoIdentificacao>
      <nome>CAIO PEREIRA GONCALVES</nome>
      <matricula>200602</matricula>
      <dataNascimento>09/10/2001</dataNascimento>
      <dataInicial>01/07/2021</dataInicial>
      <dataFinal>31/12/2021</dataFinal>
    </identificacao>
    <icResponsavel>1</icResponsavel>
    <icAtivo>1</icAtivo>
    <contato>
      <email>caiopga1@gmail.com</email>
    </contato>
    <endereco>
      <cep>11347505</cep>
      <numero>361</numero>
      <logradouro>RUA HERCULANO FRANCISCO</logradouro>
      <bairro>IRMA DOLORES</bairro>
      <uf>35</uf>
      <municipio>51009</municipio>
    </endereco>
    <responsavel>
      <identificacao>
        <numeroIdentificacao>46703938806</numeroIdentificacao>
        <tipoIdentificacao>1</tipoIdentificacao>
        <nome>CAIO PEREIRA GONCALVES</nome>
      </identificacao>
      <contato>
        <email>caiopga1@gmail.com</email>
      </contato>
      <endereco>
        <cep>11347505</cep>
        <numero>361</numero>
        <logradouro>RUA HERCULANO FRANCISCO</logradouro>
        <bairro>IRMA DOLORES</bairro>
        <uf>35</uf>
        <municipio>51009</municipio>
      </endereco>
    </responsavel>
    <listaCursos>
      <Curso>
        <codCurso>104701</codCurso>
        <serie>2</serie>
        <valores>
          <valorServico>1704.00</valorServico>
          <valorDescIncondicionado>1704.00</valorDescIncondicionado>
        </valores>
        <tpCurso>1</tpCurso>
        <dataInicioCurso>01/07/2021</dataInicioCurso>
        <icAtivo>1</icAtivo>
      </Curso>
    </listaCursos>
  </aluno>
  <aluno>
    <identificacao>
      <numeroIdentificacao>46592502886</numeroIdentificacao>
      <tipoIdentificacao>1</tipoIdentificacao>
      <nome>CAIO RAGUCCI STORTI</nome>
      <matricula>125047</matricula>
      <dataNascimento>29/04/1996</dataNascimento>
      <dataInicial>01/07/2021</dataInicial>
      <dataFinal>31/12/2021</dataFinal>
    </identificacao>
    <icResponsavel>1</icResponsavel>
    <icAtivo>1</icAtivo>
    <contato>
      <email>caio.storti2@gmail.com</email>
    </contato>
    <endereco>
      <cep>11065450</cep>
      <numero>16</numero>
      <logradouro>PRACA JOAO BARBALHO,</logradouro>
      <bairro>JOSE MENINO</bairro>
      <uf>35</uf>
      <municipio>48500</municipio>
      <complemento>APTO. 13</complemento>
    </endereco>
    <responsavel>
      <identificacao>
        <numeroIdentificacao>46592502886</numeroIdentificacao>
        <tipoIdentificacao>1</tipoIdentificacao>
        <nome>CAIO RAGUCCI STORTI</nome>
      </identificacao>
      <contato>
        <email>caio_storti@yahoo.com.br</email>
      </contato>
      <endereco>
        <cep>11065450</cep>
        <numero>16</numero>
        <logradouro>PRACA JOAO BARBALHO,</logradouro>
        <bairro>JOSE MENINO</bairro>
        <uf>35</uf>
        <municipio>48500</municipio>
        <complemento>APTO. 13</complemento>
      </endereco>
    </responsavel>
    <listaCursos>
      <Curso>
        <codCurso>100102</codCurso>
        <serie>4</serie>
        <valores>
          <valorServico>1349.00</valorServico>
          <valorDescIncondicionado>0.00</valorDescIncondicionado>
        </valores>
        <tpCurso>1</tpCurso>
        <dataInicioCurso>01/07/2021</dataInicioCurso>
        <icAtivo>1</icAtivo>
      </Curso>
    </listaCursos>
  </aluno>
</importacaoAlunoEnvio>