<?xml version='1.0' encoding='UTF-8'?>
<importacaoAlunoEnvio xmlns="http://www.ginfes.com.br/tiposEducacao.xsd">
  <empresaEscola>
    <dsIm>614470</dsIm>
    <cpfCnpj>58251711000119</cpfCnpj>
  </empresaEscola>
  <aluno>
    <identificacao>
      <numeroIdentificacao>31786297850</numeroIdentificacao>
      <tipoIdentificacao>1</tipoIdentificacao>
      <nome>ARTHUR CABRAL CARVALHO</nome>
      <matricula>125694</matricula>
      <dataNascimento>16/11/1995</dataNascimento>
      <dataInicial>01/07/2021</dataInicial>
      <dataFinal>31/12/2021</dataFinal>
    </identificacao>
    <icResponsavel>1</icResponsavel>
    <icAtivo>1</icAtivo>
    <contato>
      <email>arthurr32@hotmail.com</email>
    </contato>
    <endereco>
      <cep>11463431</cep>
      <numero>177</numero>
      <logradouro>RUA NOVA,</logradouro>
      <bairro>PAE CARA</bairro>
      <uf>35</uf>
      <municipio>18701</municipio>
    </endereco>
    <responsavel>
      <identificacao>
        <numeroIdentificacao>31786297850</numeroIdentificacao>
        <tipoIdentificacao>1</tipoIdentificacao>
        <nome>ARTHUR CABRAL CARVALHO</nome>
      </identificacao>
      <contato>
        <email>arthurr32@hotmail.com</email>
      </contato>
      <endereco>
        <cep>11463430</cep>
        <numero>177</numero>
        <logradouro>RUA NOVA,</logradouro>
        <bairro>PAE CARA</bairro>
        <uf>35</uf>
        <municipio>18701</municipio>
      </endereco>
    </responsavel>
    <listaCursos>
      <Curso>
        <codCurso>104801</codCurso>
        <serie>10</serie>
        <valores>
          <valorServico>1704.00</valorServico>
          <valorDescIncondicionado>0.00</valorDescIncondicionado>
        </valores>
        <tpCurso>1</tpCurso>
        <dataInicioCurso>01/07/2021</dataInicioCurso>
        <icAtivo>1</icAtivo>
      </Curso>
    </listaCursos>
  </aluno>
  <aluno>
    <identificacao>
      <numeroIdentificacao>38146869858</numeroIdentificacao>
      <tipoIdentificacao>1</tipoIdentificacao>
      <nome>ARTHUR CAMBRAIA NAVIKAS</nome>
      <matricula>173913</matricula>
      <dataNascimento>30/01/2001</dataNascimento>
      <dataInicial>01/07/2021</dataInicial>
      <dataFinal>31/12/2021</dataFinal>
    </identificacao>
    <icResponsavel>1</icResponsavel>
    <icAtivo>1</icAtivo>
    <contato>
      <email>arthurcambraianavikas@gmail.com</email>
    </contato>
    <endereco>
      <cep>11740000</cep>
      <numero>20</numero>
      <logradouro>RUA PRUDENTE DE MORAES </logradouro>
      <bairro>JARDIM MOSTEIRO</bairro>
      <uf>35</uf>
      <municipio>22109</municipio>
      <complemento>CASA</complemento>
    </endereco>
    <responsavel>
      <identificacao>
        <numeroIdentificacao>15918973869</numeroIdentificacao>
        <tipoIdentificacao>1</tipoIdentificacao>
        <nome>ARTHUR CAMBRAIA NAVIKAS</nome>
      </identificacao>
      <contato>
        <email>arthurcambraianavikas@gmail.com</email>
      </contato>
      <endereco>
        <cep>11740000</cep>
        <numero>20</numero>
        <logradouro>RUA PRUDENTE DE MORAES </logradouro>
        <bairro>JARDIM MOSTEIRO</bairro>
        <uf>35</uf>
        <municipio>22109</municipio>
        <complemento>CASA</complemento>
      </endereco>
    </responsavel>
    <listaCursos>
      <Curso>
        <codCurso>104901</codCurso>
        <serie>6</serie>
        <valores>
          <valorServico>1706.00</valorServico>
          <valorDescIncondicionado>1364.80</valorDescIncondicionado>
        </valores>
        <tpCurso>1</tpCurso>
        <dataInicioCurso>01/07/2021</dataInicioCurso>
        <icAtivo>1</icAtivo>
      </Curso>
    </listaCursos>
  </aluno>
  <aluno>
    <identificacao>
      <numeroIdentificacao>43486697838</numeroIdentificacao>
      <tipoIdentificacao>1</tipoIdentificacao>
      <nome>ARTHUR DE MORAES MARTINI FARIAS RAMOS</nome>
      <matricula>204404</matricula>
      <dataNascimento>16/09/2002</dataNascimento>
      <dataInicial>01/07/2021</dataInicial>
      <dataFinal>31/12/2021</dataFinal>
    </identificacao>
    <icResponsavel>1</icResponsavel>
    <icAtivo>1</icAtivo>
    <contato>
      <email>arthurramos02@gmail.com</email>
    </contato>
    <endereco>
      <cep>11025180</cep>
      <numero>138</numero>
      <logradouro>APARECIDA - RUA SENADOR LACERDA FRANCO N 138 APTO 21</logradouro>
      <bairro>APARECIDA</bairro>
      <uf>35</uf>
      <municipio>48500</municipio>
      <complemento>APARTAMENTO 21</complemento>
    </endereco>
    <responsavel>
      <identificacao>
        <numeroIdentificacao>43486697838</numeroIdentificacao>
        <tipoIdentificacao>1</tipoIdentificacao>
        <nome>ARTHUR DE MORAES MARTINI FARIAS RAMOS</nome>
      </identificacao>
      <contato>
        <email>arthurramos02@gmail.com</email>
      </contato>
      <endereco>
        <cep>11025180</cep>
        <numero>138</numero>
        <logradouro>APARECIDA - RUA SENADOR LACERDA FRANCO N 138 APTO 21</logradouro>
        <bairro>APARECIDA</bairro>
        <uf>35</uf>
        <municipio>48500</municipio>
        <complemento>APARTAMENTO 21</complemento>
      </endereco>
    </responsavel>
    <listaCursos>
      <Curso>
        <codCurso>100201</codCurso>
        <serie>2</serie>
        <valores>
          <valorServico>1925.00</valorServico>
          <valorDescIncondicionado>0.00</valorDescIncondicionado>
        </valores>
        <tpCurso>1</tpCurso>
        <dataInicioCurso>01/07/2021</dataInicioCurso>
        <icAtivo>1</icAtivo>
      </Curso>
    </listaCursos>
  </aluno>
  <aluno>
    <identificacao>
      <numeroIdentificacao>37833636835</numeroIdentificacao>
      <tipoIdentificacao>1</tipoIdentificacao>
      <nome>ARTHUR FERNANDO BRAGA PENHA</nome>
      <matricula>185599</matricula>
      <dataNascimento>13/10/2002</dataNascimento>
      <dataInicial>01/07/2021</dataInicial>
      <dataFinal>31/12/2021</dataFinal>
    </identificacao>
    <icResponsavel>1</icResponsavel>
    <icAtivo>1</icAtivo>
    <contato>
      <email>penharthur@hotmail.com</email>
    </contato>
    <endereco>
      <cep>11075401</cep>
      <numero>285</numero>
      <logradouro>RUA PEDRO AMERICO</logradouro>
      <bairro>CAMPO GRANDE</bairro>
      <uf>35</uf>
      <municipio>48500</municipio>
      <complemento>67</complemento>
    </endereco>
    <responsavel>
      <identificacao>
        <numeroIdentificacao>12131588852</numeroIdentificacao>
        <tipoIdentificacao>1</tipoIdentificacao>
        <nome>CARLA  ALESSANDRA BRAGA PENHA</nome>
      </identificacao>
      <contato>
        <email>carla_penha@hotmail.com</email>
      </contato>
      <endereco>
        <cep>11075401</cep>
        <numero>285</numero>
        <logradouro>RUA PEDRO AMERICO</logradouro>
        <bairro>CAMPO GRANDE</bairro>
        <uf>35</uf>
        <municipio>48500</municipio>
        <complemento>67</complemento>
      </endereco>
    </responsavel>
    <listaCursos>
      <Curso>
        <codCurso>105201</codCurso>
        <serie>2</serie>
        <valores>
          <valorServico>1551.00</valorServico>
          <valorDescIncondicionado>310.20</valorDescIncondicionado>
        </valores>
        <tpCurso>1</tpCurso>
        <dataInicioCurso>01/07/2021</dataInicioCurso>
        <icAtivo>1</icAtivo>
      </Curso>
    </listaCursos>
  </aluno>
  <aluno>
    <identificacao>
      <numeroIdentificacao>45643155877</numeroIdentificacao>
      <tipoIdentificacao>1</tipoIdentificacao>
      <nome>ARTHUR GARCIA DOS SANTOS</nome>
      <matricula>202743</matricula>
      <dataNascimento>22/04/2003</dataNascimento>
      <dataInicial>01/07/2021</dataInicial>
      <dataFinal>31/12/2021</dataFinal>
    </identificacao>
    <icResponsavel>1</icResponsavel>
    <icAtivo>1</icAtivo>
    <contato>
      <email>garciadossantos05@outlook.com</email>
    </contato>
    <endereco>
      <cep>11070061</cep>
      <numero>125</numero>
      <logradouro>AVENIDA DOUTOR MOURA RIBEIRO</logradouro>
      <bairro>MARAPE</bairro>
      <uf>35</uf>
      <municipio>48500</municipio>
      <complemento>191E</complemento>
    </endereco>
    <responsavel>
      <identificacao>
        <numeroIdentificacao>27218743811</numeroIdentificacao>
        <tipoIdentificacao>1</tipoIdentificacao>
        <nome>GILVAN ANTONIO DOS SANTOS</nome>
      </identificacao>
      <contato>
        <email></email>
      </contato>
      <endereco>
        <cep>11070061</cep>
        <numero>125</numero>
        <logradouro>AVENIDA DOUTOR MOURA RIBEIRO</logradouro>
        <bairro>MARAPE</bairro>
        <uf>35</uf>
        <municipio>48500</municipio>
        <complemento>191E</complemento>
      </endereco>
    </responsavel>
    <listaCursos>
      <Curso>
        <codCurso>104701</codCurso>
        <serie>2</serie>
        <valores>
          <valorServico>1704.00</valorServico>
          <valorDescIncondicionado>0.00</valorDescIncondicionado>
        </valores>
        <tpCurso>1</tpCurso>
        <dataInicioCurso>01/07/2021</dataInicioCurso>
        <icAtivo>1</icAtivo>
      </Curso>
    </listaCursos>
  </aluno>
  <aluno>
    <identificacao>
      <numeroIdentificacao>38822831810</numeroIdentificacao>
      <tipoIdentificacao>1</tipoIdentificacao>
      <nome>ARTHUR GUEDES RIBEIRO</nome>
      <matricula>205718</matricula>
      <dataNascimento>04/07/1996</dataNascimento>
      <dataInicial>01/07/2021</dataInicial>
      <dataFinal>31/12/2021</dataFinal>
    </identificacao>
    <icResponsavel>1</icResponsavel>
    <icAtivo>1</icAtivo>
    <contato>
      <email>arthurguedesr96@gmail.com</email>
    </contato>
    <endereco>
      <cep>11030020</cep>
      <numero>45</numero>
      <logradouro>RUA DONA AMELIA LEUCHTEMBERG</logradouro>
      <bairro>PONTA DA PRAIA</bairro>
      <uf>35</uf>
      <municipio>48500</municipio>
      <complemento>12</complemento>
    </endereco>
    <responsavel>
      <identificacao>
        <numeroIdentificacao>38822831810</numeroIdentificacao>
        <tipoIdentificacao>1</tipoIdentificacao>
        <nome>ARTHUR GUEDES RIBEIRO</nome>
      </identificacao>
      <contato>
        <email>arthurguedesr96@gmail.com</email>
      </contato>
      <endereco>
        <cep>11030020</cep>
        <numero>45</numero>
        <logradouro>RUA DONA AMELIA LEUCHTEMBERG</logradouro>
        <bairro>PONTA DA PRAIA</bairro>
        <uf>35</uf>
        <municipio>48500</municipio>
        <complemento>12</complemento>
      </endereco>
    </responsavel>
    <listaCursos>
      <Curso>
        <codCurso>105201</codCurso>
        <serie>2</serie>
        <valores>
          <valorServico>1551.00</valorServico>
          <valorDescIncondicionado>0.00</valorDescIncondicionado>
        </valores>
        <tpCurso>1</tpCurso>
        <dataInicioCurso>01/07/2021</dataInicioCurso>
        <icAtivo>1</icAtivo>
      </Curso>
    </listaCursos>
  </aluno>
  <aluno>
    <identificacao>
      <numeroIdentificacao>50199365881</numeroIdentificacao>
      <tipoIdentificacao>1</tipoIdentificacao>
      <nome>ARTHUR HENRIQUE CORREA COSTA</nome>
      <matricula>185440</matricula>
      <dataNascimento>06/07/2002</dataNascimento>
      <dataInicial>01/07/2021</dataInicial>
      <dataFinal>31/12/2021</dataFinal>
    </identificacao>
    <icResponsavel>1</icResponsavel>
    <icAtivo>1</icAtivo>
    <contato>
      <email>arthurhenriquec6@live.com</email>
    </contato>
    <endereco>
      <cep>11060430</cep>
      <numero>61</numero>
      <logradouro>RUA DOUTOR MANOEL VITORINO</logradouro>
      <bairro>GONZAGA</bairro>
      <uf>35</uf>
      <municipio>48500</municipio>
      <complemento>APT 23</complemento>
    </endereco>
    <responsavel>
      <identificacao>
        <numeroIdentificacao>50199365881</numeroIdentificacao>
        <tipoIdentificacao>1</tipoIdentificacao>
        <nome>ARTHUR HENRIQUE CORREA COSTA</nome>
      </identificacao>
      <contato>
        <email>arthur.costa32@etec.sp.gov.br</email>
      </contato>
      <endereco>
        <cep>11060430</cep>
        <numero>61</numero>
        <logradouro>RUA DOUTOR MANOEL VITORINO</logradouro>
        <bairro>GONZAGA</bairro>
        <uf>35</uf>
        <municipio>48500</municipio>
        <complemento>APT 23</complemento>
      </endereco>
    </responsavel>
    <listaCursos>
      <Curso>
        <codCurso>105201</codCurso>
        <serie>3</serie>
        <valores>
          <valorServico>1551.00</valorServico>
          <valorDescIncondicionado>155.10</valorDescIncondicionado>
        </valores>
        <tpCurso>1</tpCurso>
        <dataInicioCurso>01/07/2021</dataInicioCurso>
        <icAtivo>1</icAtivo>
      </Curso>
    </listaCursos>
  </aluno>
  <aluno>
    <identificacao>
      <numeroIdentificacao>46235794843</numeroIdentificacao>
      <tipoIdentificacao>1</tipoIdentificacao>
      <nome>ARTHUR MANICOBA FERREIRA</nome>
      <matricula>158999</matricula>
      <dataNascimento>29/12/1998</dataNascimento>
      <dataInicial>01/07/2021</dataInicial>
      <dataFinal>31/12/2021</dataFinal>
    </identificacao>
    <icResponsavel>1</icResponsavel>
    <icAtivo>1</icAtivo>
    <contato>
      <email>arthurmf34@gmail.com</email>
    </contato>
    <endereco>
      <cep>11320120</cep>
      <numero>307</numero>
      <logradouro>RUA RANGEL PESTANA</logradouro>
      <bairro>Centro</bairro>
      <uf>35</uf>
      <municipio>51009</municipio>
      <complemento>APTO. 407</complemento>
    </endereco>
    <responsavel>
      <identificacao>
        <numeroIdentificacao>24827713820</numeroIdentificacao>
        <tipoIdentificacao>1</tipoIdentificacao>
        <nome>OSEAS CLEMENTE FERREIRA</nome>
      </identificacao>
      <contato>
        <email>oseascf16@gmail.com</email>
      </contato>
      <endereco>
        <cep>11320120</cep>
        <numero>307</numero>
        <logradouro>RUA RANGEL PESTANA</logradouro>
        <bairro>Centro</bairro>
        <uf>35</uf>
        <municipio>51009</municipio>
        <complemento>APTO. 407</complemento>
      </endereco>
    </responsavel>
    <listaCursos>
      <Curso>
        <codCurso>103201</codCurso>
        <serie>6</serie>
        <valores>
          <valorServico>1297.00</valorServico>
          <valorDescIncondicionado>778.20</valorDescIncondicionado>
        </valores>
        <tpCurso>1</tpCurso>
        <dataInicioCurso>01/07/2021</dataInicioCurso>
        <icAtivo>1</icAtivo>
      </Curso>
    </listaCursos>
  </aluno>
  <aluno>
    <identificacao>
      <numeroIdentificacao>50374791856</numeroIdentificacao>
      <tipoIdentificacao>1</tipoIdentificacao>
      <nome>ARTHUR MARINHO MAGALHAES ROCHA</nome>
      <matricula>171407</matricula>
      <dataNascimento>24/04/2001</dataNascimento>
      <dataInicial>01/07/2021</dataInicial>
      <dataFinal>31/12/2021</dataFinal>
    </identificacao>
    <icResponsavel>1</icResponsavel>
    <icAtivo>1</icAtivo>
    <contato>
      <email>arthur012010@hotmail.com</email>
    </contato>
    <endereco>
      <cep>11850000</cep>
      <numero>216</numero>
      <logradouro>RUA MANOEL GARRINCHA</logradouro>
      <bairro>CENTRO</bairro>
      <uf>35</uf>
      <municipio>29906</municipio>
    </endereco>
    <responsavel>
      <identificacao>
        <numeroIdentificacao>35474070870</numeroIdentificacao>
        <tipoIdentificacao>1</tipoIdentificacao>
        <nome>YOLANDA APARECIDA MARINHO</nome>
      </identificacao>
      <contato>
        <email>yoly_bio@yahoo.com.br</email>
      </contato>
      <endereco>
        <cep>11850000</cep>
        <numero>216</numero>
        <logradouro>RUA MANOEL GARRINCHA</logradouro>
        <bairro>CENTRO</bairro>
        <uf>35</uf>
        <municipio>29906</municipio>
      </endereco>
    </responsavel>
    <listaCursos>
      <Curso>
        <codCurso>104901</codCurso>
        <serie>6</serie>
        <valores>
          <valorServico>1706.00</valorServico>
          <valorDescIncondicionado>0.00</valorDescIncondicionado>
        </valores>
        <tpCurso>1</tpCurso>
        <dataInicioCurso>01/07/2021</dataInicioCurso>
        <icAtivo>1</icAtivo>
      </Curso>
    </listaCursos>
  </aluno>
  <aluno>
    <identificacao>
      <numeroIdentificacao>52668259878</numeroIdentificacao>
      <tipoIdentificacao>1</tipoIdentificacao>
      <nome>ARTHUR MAZZUCATTO VILLELA DOS REIS</nome>
      <matricula>206230</matricula>
      <dataNascimento>16/12/2002</dataNascimento>
      <dataInicial>01/07/2021</dataInicial>
      <dataFinal>31/12/2021</dataFinal>
    </identificacao>
    <icResponsavel>1</icResponsavel>
    <icAtivo>1</icAtivo>
    <contato>
      <email>arthurmazzucatto.reis@gmail.com</email>
    </contato>
    <endereco>
      <cep>11251340</cep>
      <numero>CASA505</numero>
      <logradouro>RUA DOUTOR HUGO SANTOS SILVA</logradouro>
      <bairro>MAITINGA</bairro>
      <uf>35</uf>
      <municipio>6359</municipio>
    </endereco>
    <responsavel>
      <identificacao>
        <numeroIdentificacao>52668259878</numeroIdentificacao>
        <tipoIdentificacao>1</tipoIdentificacao>
        <nome>ARTHUR MAZZUCATTO VILLELA DOS REIS</nome>
      </identificacao>
      <contato>
        <email>arthurmazzucatto.reis@gmail.com</email>
      </contato>
      <endereco>
        <cep>11251340</cep>
        <numero>CASA505</numero>
        <logradouro>RUA DOUTOR HUGO SANTOS SILVA</logradouro>
        <bairro>MAITINGA</bairro>
        <uf>35</uf>
        <municipio>6359</municipio>
      </endereco>
    </responsavel>
    <listaCursos>
      <Curso>
        <codCurso>103001</codCurso>
        <serie>2</serie>
        <valores>
          <valorServico>3274.00</valorServico>
          <valorDescIncondicionado>0.00</valorDescIncondicionado>
        </valores>
        <tpCurso>1</tpCurso>
        <dataInicioCurso>01/07/2021</dataInicioCurso>
        <icAtivo>1</icAtivo>
      </Curso>
    </listaCursos>
  </aluno>
  <aluno>
    <identificacao>
      <numeroIdentificacao>50351916806</numeroIdentificacao>
      <tipoIdentificacao>1</tipoIdentificacao>
      <nome>ARTHUR MOREIRA ANTONIO</nome>
      <matricula>192296</matricula>
      <dataNascimento>05/10/2001</dataNascimento>
      <dataInicial>01/07/2021</dataInicial>
      <dataFinal>31/12/2021</dataFinal>
    </identificacao>
    <icResponsavel>1</icResponsavel>
    <icAtivo>1</icAtivo>
    <contato>
      <email>artanto850@gmail.com</email>
    </contato>
    <endereco>
      <cep>11040001</cep>
      <numero>123</numero>
      <logradouro>AVENIDA ALMIRANTE COCHRANE</logradouro>
      <bairro>EMBARE</bairro>
      <uf>35</uf>
      <municipio>48500</municipio>
      <complemento>APT 102</complemento>
    </endereco>
    <responsavel>
      <identificacao>
        <numeroIdentificacao>13375297882</numeroIdentificacao>
        <tipoIdentificacao>1</tipoIdentificacao>
        <nome>CLAUDIA PATRICIA DE OLIVEIRA MOREIRA</nome>
      </identificacao>
      <contato>
        <email>nfse@unisanta.br</email>
      </contato>
      <endereco>
        <cep>11040001</cep>
        <numero>123</numero>
        <logradouro>AVENIDA ALMIRANTE COCHRANE</logradouro>
        <bairro>EMBARE</bairro>
        <uf>35</uf>
        <municipio>48500</municipio>
        <complemento>APT 102</complemento>
      </endereco>
    </responsavel>
    <listaCursos>
      <Curso>
        <codCurso>101502</codCurso>
        <serie>2</serie>
        <valores>
          <valorServico>1636.00</valorServico>
          <valorDescIncondicionado>0.00</valorDescIncondicionado>
        </valores>
        <tpCurso>1</tpCurso>
        <dataInicioCurso>01/07/2021</dataInicioCurso>
        <icAtivo>1</icAtivo>
      </Curso>
    </listaCursos>
  </aluno>
  <aluno>
    <identificacao>
      <numeroIdentificacao>45835147864</numeroIdentificacao>
      <tipoIdentificacao>1</tipoIdentificacao>
      <nome>ARTHUR MORENO FREIRE</nome>
      <matricula>131777</matricula>
      <dataNascimento>04/02/1997</dataNascimento>
      <dataInicial>01/07/2021</dataInicial>
      <dataFinal>31/12/2021</dataFinal>
    </identificacao>
    <icResponsavel>1</icResponsavel>
    <icAtivo>1</icAtivo>
    <contato>
      <email>arthurmorenofreire@gmail.com</email>
    </contato>
    <endereco>
      <cep>11030301</cep>
      <numero>149</numero>
      <logradouro>AVENIDA DOS BANCARIOS</logradouro>
      <bairro>Ponta da praia</bairro>
      <uf>35</uf>
      <municipio>48500</municipio>
      <complemento>92</complemento>
    </endereco>
    <responsavel>
      <identificacao>
        <numeroIdentificacao>04071877820</numeroIdentificacao>
        <tipoIdentificacao>1</tipoIdentificacao>
        <nome>NELSON BOHEMER FREIRE JUNIOR</nome>
      </identificacao>
      <contato>
        <email>nelsonfreire@gmail.com</email>
      </contato>
      <endereco>
        <cep>11030301</cep>
        <numero>149</numero>
        <logradouro>AVENIDA DOS BANCARIOS</logradouro>
        <bairro>Ponta da praia</bairro>
        <uf>35</uf>
        <municipio>48500</municipio>
        <complemento>92</complemento>
      </endereco>
    </responsavel>
    <listaCursos>
      <Curso>
        <codCurso>100201</codCurso>
        <serie>4</serie>
        <valores>
          <valorServico>1925.00</valorServico>
          <valorDescIncondicionado>770.00</valorDescIncondicionado>
        </valores>
        <tpCurso>1</tpCurso>
        <dataInicioCurso>01/07/2021</dataInicioCurso>
        <icAtivo>1</icAtivo>
      </Curso>
    </listaCursos>
  </aluno>
  <aluno>
    <identificacao>
      <numeroIdentificacao>39441364894</numeroIdentificacao>
      <tipoIdentificacao>1</tipoIdentificacao>
      <nome>ARTHUR OLIVEIRA ALENCAR</nome>
      <matricula>168584</matricula>
      <dataNascimento>02/05/2000</dataNascimento>
      <dataInicial>01/07/2021</dataInicial>
      <dataFinal>31/12/2021</dataFinal>
    </identificacao>
    <icResponsavel>1</icResponsavel>
    <icAtivo>1</icAtivo>
    <contato>
      <email>arthuralencar394@gmail.com</email>
    </contato>
    <endereco>
      <cep>11251375</cep>
      <numero>410</numero>
      <logradouro>RUA DR.DURVAL BRUZA</logradouro>
      <bairro>MAINTIGA</bairro>
      <uf>35</uf>
      <municipio>6359</municipio>
      <complemento>CASA</complemento>
    </endereco>
    <responsavel>
      <identificacao>
        <numeroIdentificacao>39441364894</numeroIdentificacao>
        <tipoIdentificacao>1</tipoIdentificacao>
        <nome>ARTHUR OLIVEIRA ALENCAR</nome>
      </identificacao>
      <contato>
        <email>aleencaarxz_2010@hotmail.com</email>
      </contato>
      <endereco>
        <cep>11251375</cep>
        <numero>410</numero>
        <logradouro>RUA DR.DURVAL BRUZA</logradouro>
        <bairro>MAINTIGA</bairro>
        <uf>35</uf>
        <municipio>6359</municipio>
        <complemento>CASA</complemento>
      </endereco>
    </responsavel>
    <listaCursos>
      <Curso>
        <codCurso>104901</codCurso>
        <serie>6</serie>
        <valores>
          <valorServico>1706.00</valorServico>
          <valorDescIncondicionado>0.00</valorDescIncondicionado>
        </valores>
        <tpCurso>1</tpCurso>
        <dataInicioCurso>01/07/2021</dataInicioCurso>
        <icAtivo>1</icAtivo>
      </Curso>
    </listaCursos>
  </aluno>
  <aluno>
    <identificacao>
      <numeroIdentificacao>43134179822</numeroIdentificacao>
      <tipoIdentificacao>1</tipoIdentificacao>
      <nome>ARTHUR OLIVEIRA DA SILVA</nome>
      <matricula>186102</matricula>
      <dataNascimento>01/07/2000</dataNascimento>
      <dataInicial>01/07/2021</dataInicial>
      <dataFinal>31/12/2021</dataFinal>
    </identificacao>
    <icResponsavel>1</icResponsavel>
    <icAtivo>1</icAtivo>
    <contato>
      <email>arthuroliveira211@gmail.com</email>
    </contato>
    <endereco>
      <cep>11065001</cep>
      <numero>151</numero>
      <logradouro>AVENIDA DOUTOR BERNARDINO DE CAMPOS</logradouro>
      <bairro>VILA BELMIRO</bairro>
      <uf>35</uf>
      <municipio>48500</municipio>
      <complemento>AP 54</complemento>
    </endereco>
    <responsavel>
      <identificacao>
        <numeroIdentificacao>43134179822</numeroIdentificacao>
        <tipoIdentificacao>1</tipoIdentificacao>
        <nome>ARTHUR OLIVEIRA DA SILVA</nome>
      </identificacao>
      <contato>
        <email>arthuroliveira211@gmail.com</email>
      </contato>
      <endereco>
        <cep>11065001</cep>
        <numero>151</numero>
        <logradouro>AVENIDA DOUTOR BERNARDINO DE CAMPOS</logradouro>
        <bairro>VILA BELMIRO</bairro>
        <uf>35</uf>
        <municipio>48500</municipio>
        <complemento>AP 54</complemento>
      </endereco>
    </responsavel>
    <listaCursos>
      <Curso>
        <codCurso>104001</codCurso>
        <serie>1</serie>
        <valores>
          <valorServico>1704.00</valorServico>
          <valorDescIncondicionado>1022.40</valorDescIncondicionado>
        </valores>
        <tpCurso>1</tpCurso>
        <dataInicioCurso>01/07/2021</dataInicioCurso>
        <icAtivo>1</icAtivo>
      </Curso>
    </listaCursos>
  </aluno>
  <aluno>
    <identificacao>
      <numeroIdentificacao>46764980802</numeroIdentificacao>
      <tipoIdentificacao>1</tipoIdentificacao>
      <nome>ARTHUR PIVA MOREIRA</nome>
      <matricula>174440</matricula>
      <dataNascimento>09/07/2001</dataNascimento>
      <dataInicial>01/07/2021</dataInicial>
      <dataFinal>31/12/2021</dataFinal>
    </identificacao>
    <icResponsavel>1</icResponsavel>
    <icAtivo>1</icAtivo>
    <contato>
      <email>arthur.pivinha@gmail.com</email>
    </contato>
    <endereco>
      <cep>11740000</cep>
      <numero>341</numero>
      <logradouro> RUA JOAO ALVES DE OLIVEIRA</logradouro>
      <bairro>BALNEARIO PARANAPUAN</bairro>
      <uf>35</uf>
      <municipio>22109</municipio>
    </endereco>
    <responsavel>
      <identificacao>
        <numeroIdentificacao>03755732831</numeroIdentificacao>
        <tipoIdentificacao>1</tipoIdentificacao>
        <nome>TELMA DAS GRACAS PIVA</nome>
      </identificacao>
      <contato>
        <email>nfse@unisanta.br</email>
      </contato>
      <endereco>
        <cep>11740000</cep>
        <numero>341</numero>
        <logradouro> RUA JOAO ALVES DE OLIVEIRA</logradouro>
        <bairro>BALNEARIO PARANAPUAN</bairro>
        <uf>35</uf>
        <municipio>22109</municipio>
      </endereco>
    </responsavel>
    <listaCursos>
      <Curso>
        <codCurso>103201</codCurso>
        <serie>6</serie>
        <valores>
          <valorServico>1297.00</valorServico>
          <valorDescIncondicionado>0.00</valorDescIncondicionado>
        </valores>
        <tpCurso>1</tpCurso>
        <dataInicioCurso>01/07/2021</dataInicioCurso>
        <icAtivo>1</icAtivo>
      </Curso>
    </listaCursos>
  </aluno>
  <aluno>
    <identificacao>
      <numeroIdentificacao>50055608825</numeroIdentificacao>
      <tipoIdentificacao>1</tipoIdentificacao>
      <nome>ARTHUR ROSA CONCEICAO DE JESUS</nome>
      <matricula>204408</matricula>
      <dataNascimento>12/08/1999</dataNascimento>
      <dataInicial>01/07/2021</dataInicial>
      <dataFinal>31/12/2021</dataFinal>
    </identificacao>
    <icResponsavel>1</icResponsavel>
    <icAtivo>1</icAtivo>
    <contato>
      <email>Arthur.praiagrande10@gmail.com</email>
    </contato>
    <endereco>
      <cep>11721070</cep>
      <numero>121</numero>
      <logradouro>RUA MARIA ROSA CORREIA</logradouro>
      <bairro>VILA ANTARTICA</bairro>
      <uf>35</uf>
      <municipio>41000</municipio>
      <complemento>CASA</complemento>
    </endereco>
    <responsavel>
      <identificacao>
        <numeroIdentificacao>50055608825</numeroIdentificacao>
        <tipoIdentificacao>1</tipoIdentificacao>
        <nome>ARTHUR ROSA CONCEICAO DE JESUS</nome>
      </identificacao>
      <contato>
        <email>Arthur.praiagrande10@gmail.com</email>
      </contato>
      <endereco>
        <cep>11721070</cep>
        <numero>121</numero>
        <logradouro>RUA MARIA ROSA CORREIA</logradouro>
        <bairro>VILA ANTARTICA</bairro>
        <uf>35</uf>
        <municipio>41000</municipio>
        <complemento>CASA</complemento>
      </endereco>
    </responsavel>
    <listaCursos>
      <Curso>
        <codCurso>103201</codCurso>
        <serie>2</serie>
        <valores>
          <valorServico>1297.00</valorServico>
          <valorDescIncondicionado>648.50</valorDescIncondicionado>
        </valores>
        <tpCurso>1</tpCurso>
        <dataInicioCurso>01/07/2021</dataInicioCurso>
        <icAtivo>1</icAtivo>
      </Curso>
    </listaCursos>
  </aluno>
  <aluno>
    <identificacao>
      <numeroIdentificacao>34917506875</numeroIdentificacao>
      <tipoIdentificacao>1</tipoIdentificacao>
      <nome>ARTHUR SOARES DE LIMA</nome>
      <matricula>200627</matricula>
      <dataNascimento>07/03/1985</dataNascimento>
      <dataInicial>01/07/2021</dataInicial>
      <dataFinal>31/12/2021</dataFinal>
    </identificacao>
    <icResponsavel>1</icResponsavel>
    <icAtivo>1</icAtivo>
    <contato>
      <email>soarestheking@gmail.com</email>
    </contato>
    <endereco>
      <cep>11050250</cep>
      <numero>161</numero>
      <logradouro>RUA BARAO DE PARANAPIACABA</logradouro>
      <bairro>ENCRUZILHADA</bairro>
      <uf>35</uf>
      <municipio>48500</municipio>
      <complemento>AP. 32</complemento>
    </endereco>
    <responsavel>
      <identificacao>
        <numeroIdentificacao>34917506875</numeroIdentificacao>
        <tipoIdentificacao>1</tipoIdentificacao>
        <nome>ARTHUR SOARES DE LIMA</nome>
      </identificacao>
      <contato>
        <email>soarestheking@gmail.com</email>
      </contato>
      <endereco>
        <cep>11050250</cep>
        <numero>161</numero>
        <logradouro>RUA BARAO DE PARANAPIACABA</logradouro>
        <bairro>ENCRUZILHADA</bairro>
        <uf>35</uf>
        <municipio>48500</municipio>
        <complemento>AP. 32</complemento>
      </endereco>
    </responsavel>
    <listaCursos>
      <Curso>
        <codCurso>105201</codCurso>
        <serie>2</serie>
        <valores>
          <valorServico>1551.00</valorServico>
          <valorDescIncondicionado>310.20</valorDescIncondicionado>
        </valores>
        <tpCurso>1</tpCurso>
        <dataInicioCurso>01/07/2021</dataInicioCurso>
        <icAtivo>1</icAtivo>
      </Curso>
    </listaCursos>
  </aluno>
  <aluno>
    <identificacao>
      <numeroIdentificacao>43370005859</numeroIdentificacao>
      <tipoIdentificacao>1</tipoIdentificacao>
      <nome>ARTHUR TOSHIO DE SA SATO</nome>
      <matricula>170328</matricula>
      <dataNascimento>30/01/2001</dataNascimento>
      <dataInicial>01/07/2021</dataInicial>
      <dataFinal>31/12/2021</dataFinal>
    </identificacao>
    <icResponsavel>1</icResponsavel>
    <icAtivo>1</icAtivo>
    <contato>
      <email>arthur.sato.30@gmail.com</email>
    </contato>
    <endereco>
      <cep>11472000</cep>
      <numero>1235</numero>
      <logradouro>AVENIDA BENTO PEDRO DA COSTA</logradouro>
      <bairro>Jardim Conceicaozinha (Vicente de Carvalho)</bairro>
      <uf>35</uf>
      <municipio>18701</municipio>
    </endereco>
    <responsavel>
      <identificacao>
        <numeroIdentificacao>09781093846</numeroIdentificacao>
        <tipoIdentificacao>1</tipoIdentificacao>
        <nome>SIMONE ANDRADE DE SA SATO</nome>
      </identificacao>
      <contato>
        <email>arttdss3001@gmail.com</email>
      </contato>
      <endereco>
        <cep>11472000</cep>
        <numero>1235</numero>
        <logradouro>AVENIDA BENTO PEDRO DA COSTA</logradouro>
        <bairro>Jardim Conceicaozinha (Vicente de Carvalho)</bairro>
        <uf>35</uf>
        <municipio>18701</municipio>
      </endereco>
    </responsavel>
    <listaCursos>
      <Curso>
        <codCurso>100102</codCurso>
        <serie>2</serie>
        <valores>
          <valorServico>1349.00</valorServico>
          <valorDescIncondicionado>0.00</valorDescIncondicionado>
        </valores>
        <tpCurso>1</tpCurso>
        <dataInicioCurso>01/07/2021</dataInicioCurso>
        <icAtivo>1</icAtivo>
      </Curso>
    </listaCursos>
  </aluno>
  <aluno>
    <identificacao>
      <numeroIdentificacao>42308695846</numeroIdentificacao>
      <tipoIdentificacao>1</tipoIdentificacao>
      <nome>ARTHUR TRENTO REBELLO DE SOUZA</nome>
      <matricula>181968</matricula>
      <dataNascimento>18/06/1997</dataNascimento>
      <dataInicial>01/07/2021</dataInicial>
      <dataFinal>31/12/2021</dataFinal>
    </identificacao>
    <icResponsavel>1</icResponsavel>
    <icAtivo>1</icAtivo>
    <contato>
      <email>dunkertag@gmail.com</email>
    </contato>
    <endereco>
      <cep>11065605</cep>
      <numero>1020</numero>
      <logradouro>BUSCANDO ENDERECO, AGUARDE...</logradouro>
      <bairro>jose menino</bairro>
      <uf>35</uf>
      <municipio>48500</municipio>
      <complemento>APTO 101</complemento>
    </endereco>
    <responsavel>
      <identificacao>
        <numeroIdentificacao>42308695846</numeroIdentificacao>
        <tipoIdentificacao>1</tipoIdentificacao>
        <nome>ARTHUR TRENTO REBELLO DE SOUZA</nome>
      </identificacao>
      <contato>
        <email>dunkertag@gmail.com</email>
      </contato>
      <endereco>
        <cep>11065605</cep>
        <numero>1020</numero>
        <logradouro>BUSCANDO ENDERECO, AGUARDE...</logradouro>
        <bairro>jose menino</bairro>
        <uf>35</uf>
        <municipio>48500</municipio>
        <complemento>APTO 101</complemento>
      </endereco>
    </responsavel>
    <listaCursos>
      <Curso>
        <codCurso>104701</codCurso>
        <serie>5</serie>
        <valores>
          <valorServico>1704.00</valorServico>
          <valorDescIncondicionado>0.00</valorDescIncondicionado>
        </valores>
        <tpCurso>1</tpCurso>
        <dataInicioCurso>01/07/2021</dataInicioCurso>
        <icAtivo>1</icAtivo>
      </Curso>
    </listaCursos>
  </aluno>
  <aluno>
    <identificacao>
      <numeroIdentificacao>43143406810</numeroIdentificacao>
      <tipoIdentificacao>1</tipoIdentificacao>
      <nome>ARTHUR TRINDADE PUPO</nome>
      <matricula>115909</matricula>
      <dataNascimento>19/04/1993</dataNascimento>
      <dataInicial>01/07/2021</dataInicial>
      <dataFinal>31/12/2021</dataFinal>
    </identificacao>
    <icResponsavel>1</icResponsavel>
    <icAtivo>1</icAtivo>
    <contato>
      <email>arthur_pupo@hotmail.com</email>
    </contato>
    <endereco>
      <cep>11365090</cep>
      <numero>162</numero>
      <logradouro>RUA PARAGUASSU</logradouro>
      <bairro>JOQUEI CLUBE</bairro>
      <uf>35</uf>
      <municipio>51009</municipio>
      <complemento>CASA</complemento>
    </endereco>
    <responsavel>
      <identificacao>
        <numeroIdentificacao>43143406810</numeroIdentificacao>
        <tipoIdentificacao>1</tipoIdentificacao>
        <nome>ARTHUR TRINDADE PUPO</nome>
      </identificacao>
      <contato>
        <email>arthurtpupo@hotmail.com</email>
      </contato>
      <endereco>
        <cep>11365090</cep>
        <numero>162</numero>
        <logradouro>RUA PARAGUASSU</logradouro>
        <bairro>JOQUEI CLUBE</bairro>
        <uf>35</uf>
        <municipio>51009</municipio>
        <complemento>CASA</complemento>
      </endereco>
    </responsavel>
    <listaCursos>
      <Curso>
        <codCurso>103901</codCurso>
        <serie>10</serie>
        <valores>
          <valorServico>1704.00</valorServico>
          <valorDescIncondicionado>0.00</valorDescIncondicionado>
        </valores>
        <tpCurso>1</tpCurso>
        <dataInicioCurso>01/07/2021</dataInicioCurso>
        <icAtivo>1</icAtivo>
      </Curso>
    </listaCursos>
  </aluno>
  <aluno>
    <identificacao>
      <numeroIdentificacao>40369936825</numeroIdentificacao>
      <tipoIdentificacao>1</tipoIdentificacao>
      <nome>ARTHUR VAN TOL MENDES SAMPAIO</nome>
      <matricula>139252</matricula>
      <dataNascimento>21/12/1997</dataNascimento>
      <dataInicial>01/07/2021</dataInicial>
      <dataFinal>31/12/2021</dataFinal>
    </identificacao>
    <icResponsavel>1</icResponsavel>
    <icAtivo>1</icAtivo>
    <contato>
      <email>ARTHURVANTOL@HOTMAIL.COM</email>
    </contato>
    <endereco>
      <cep>11030220</cep>
      <numero>71</numero>
      <logradouro>AVENIDA SENADOR CESAR LACERDA VERGUEIRO</logradouro>
      <bairro>PONTA DA PRAIA</bairro>
      <uf>35</uf>
      <municipio>48500</municipio>
      <complemento>71</complemento>
    </endereco>
    <responsavel>
      <identificacao>
        <numeroIdentificacao>25063271855</numeroIdentificacao>
        <tipoIdentificacao>1</tipoIdentificacao>
        <nome>ROGERIO MENDES SAMPAIO</nome>
      </identificacao>
      <contato>
        <email>sampaiorm@hotmail.com</email>
      </contato>
      <endereco>
        <cep>11030220</cep>
        <numero>71</numero>
        <logradouro>AVENIDA SENADOR CESAR LACERDA VERGUEIRO</logradouro>
        <bairro>PONTA DA PRAIA</bairro>
        <uf>35</uf>
        <municipio>48500</municipio>
        <complemento>71</complemento>
      </endereco>
    </responsavel>
    <listaCursos>
      <Curso>
        <codCurso>103901</codCurso>
        <serie>10</serie>
        <valores>
          <valorServico>1704.00</valorServico>
          <valorDescIncondicionado>0.00</valorDescIncondicionado>
        </valores>
        <tpCurso>1</tpCurso>
        <dataInicioCurso>01/07/2021</dataInicioCurso>
        <icAtivo>1</icAtivo>
      </Curso>
    </listaCursos>
  </aluno>
  <aluno>
    <identificacao>
      <numeroIdentificacao>39756162880</numeroIdentificacao>
      <tipoIdentificacao>1</tipoIdentificacao>
      <nome>ARTHUR VAZ DEL CID ROXO</nome>
      <matricula>148643</matricula>
      <dataNascimento>11/06/1999</dataNascimento>
      <dataInicial>01/07/2021</dataInicial>
      <dataFinal>31/12/2021</dataFinal>
    </identificacao>
    <icResponsavel>1</icResponsavel>
    <icAtivo>1</icAtivo>
    <contato>
      <email>arthur_roxo_2010@hotmail.com</email>
    </contato>
    <endereco>
      <cep>11015231</cep>
      <numero>75</numero>
      <logradouro>RUA SANTOS DUMONT</logradouro>
      <bairro>MACUCO</bairro>
      <uf>35</uf>
      <municipio>48500</municipio>
      <complemento>APTO.12</complemento>
    </endereco>
    <responsavel>
      <identificacao>
        <numeroIdentificacao>06089719870</numeroIdentificacao>
        <tipoIdentificacao>1</tipoIdentificacao>
        <nome>ROGERIO DEL CID ROXO</nome>
      </identificacao>
      <contato>
        <email>roxo416@hotmail.com</email>
      </contato>
      <endereco>
        <cep>11015231</cep>
        <numero>75</numero>
        <logradouro>RUA SANTOS DUMONT</logradouro>
        <bairro>MACUCO</bairro>
        <uf>35</uf>
        <municipio>48500</municipio>
        <complemento>APTO.12</complemento>
      </endereco>
    </responsavel>
    <listaCursos>
      <Curso>
        <codCurso>104901</codCurso>
        <serie>10</serie>
        <valores>
          <valorServico>1706.00</valorServico>
          <valorDescIncondicionado>1023.60</valorDescIncondicionado>
        </valores>
        <tpCurso>1</tpCurso>
        <dataInicioCurso>01/07/2021</dataInicioCurso>
        <icAtivo>1</icAtivo>
      </Curso>
    </listaCursos>
  </aluno>
  <aluno>
    <identificacao>
      <numeroIdentificacao>49255000829</numeroIdentificacao>
      <tipoIdentificacao>1</tipoIdentificacao>
      <nome>ARTUR BARROS KRUGER</nome>
      <matricula>204140</matricula>
      <dataNascimento>08/03/2003</dataNascimento>
      <dataInicial>01/07/2021</dataInicial>
      <dataFinal>31/12/2021</dataFinal>
    </identificacao>
    <icResponsavel>1</icResponsavel>
    <icAtivo>1</icAtivo>
    <contato>
      <email>Arturbarros41@gmail.com</email>
    </contato>
    <endereco>
      <cep>11740000</cep>
      <numero>84</numero>
      <logradouro> RUA GUAPEVA </logradouro>
      <bairro>GUACIRA</bairro>
      <uf>35</uf>
      <municipio>22109</municipio>
      <complemento>CONDOMINIO BELIZE</complemento>
    </endereco>
    <responsavel>
      <identificacao>
        <numeroIdentificacao>09795376810</numeroIdentificacao>
        <tipoIdentificacao>1</tipoIdentificacao>
        <nome>FLAVIA BARROS GONCALVES</nome>
      </identificacao>
      <contato>
        <email>xuapiscinas2014@hotmail.com</email>
      </contato>
      <endereco>
        <cep>11740000</cep>
        <numero>84</numero>
        <logradouro> RUA GUAPEVA </logradouro>
        <bairro>GUACIRA</bairro>
        <uf>35</uf>
        <municipio>22109</municipio>
        <complemento>CONDOMINIO BELIZE</complemento>
      </endereco>
    </responsavel>
    <listaCursos>
      <Curso>
        <codCurso>101801</codCurso>
        <serie>2</serie>
        <valores>
          <valorServico>1342.00</valorServico>
          <valorDescIncondicionado>0.00</valorDescIncondicionado>
        </valores>
        <tpCurso>1</tpCurso>
        <dataInicioCurso>01/07/2021</dataInicioCurso>
        <icAtivo>1</icAtivo>
      </Curso>
    </listaCursos>
  </aluno>
  <aluno>
    <identificacao>
      <numeroIdentificacao>45923314860</numeroIdentificacao>
      <tipoIdentificacao>1</tipoIdentificacao>
      <nome>ARTUR MANCINI MARTINS</nome>
      <matricula>174202</matricula>
      <dataNascimento>17/05/2000</dataNascimento>
      <dataInicial>01/07/2021</dataInicial>
      <dataFinal>31/12/2021</dataFinal>
    </identificacao>
    <icResponsavel>1</icResponsavel>
    <icAtivo>1</icAtivo>
    <contato>
      <email>arturmancinimartins@hotmail.com</email>
    </contato>
    <endereco>
      <cep>11020005</cep>
      <numero>698</numero>
      <logradouro>AFONSO PENA</logradouro>
      <bairro>ESTUARIO</bairro>
      <uf>35</uf>
      <municipio>48500</municipio>
      <complemento>CASA</complemento>
    </endereco>
    <responsavel>
      <identificacao>
        <numeroIdentificacao>45923314860</numeroIdentificacao>
        <tipoIdentificacao>1</tipoIdentificacao>
        <nome>ARTUR MANCINI MARTINS</nome>
      </identificacao>
      <contato>
        <email>arturmancinimartins@hotmail.com</email>
      </contato>
      <endereco>
        <cep>11020005</cep>
        <numero>698</numero>
        <logradouro>AFONSO PENA</logradouro>
        <bairro>ESTUARIO</bairro>
        <uf>35</uf>
        <municipio>48500</municipio>
        <complemento>CASA</complemento>
      </endereco>
    </responsavel>
    <listaCursos>
      <Curso>
        <codCurso>103201</codCurso>
        <serie>6</serie>
        <valores>
          <valorServico>1297.00</valorServico>
          <valorDescIncondicionado>518.80</valorDescIncondicionado>
        </valores>
        <tpCurso>1</tpCurso>
        <dataInicioCurso>01/07/2021</dataInicioCurso>
        <icAtivo>1</icAtivo>
      </Curso>
    </listaCursos>
  </aluno>
  <aluno>
    <identificacao>
      <numeroIdentificacao>44941689801</numeroIdentificacao>
      <tipoIdentificacao>1</tipoIdentificacao>
      <nome>ARTUR MIRANDA PINHEIRO</nome>
      <matricula>211048</matricula>
      <dataNascimento>10/05/1996</dataNascimento>
      <dataInicial>01/07/2021</dataInicial>
      <dataFinal>31/12/2021</dataFinal>
    </identificacao>
    <icResponsavel>1</icResponsavel>
    <icAtivo>1</icAtivo>
    <contato>
      <email>artur_guaruja@hotmail.com</email>
    </contato>
    <endereco>
      <cep>11472100</cep>
      <numero>245</numero>
      <logradouro>RUA VALDOMIRO MACARIO</logradouro>
      <bairro>JARDIM CONCEICAOZINHA (VICENTE DE CARVALHO)</bairro>
      <uf>35</uf>
      <municipio>18701</municipio>
      <complemento>AP 214</complemento>
    </endereco>
    <responsavel>
      <identificacao>
        <numeroIdentificacao>44941689801</numeroIdentificacao>
        <tipoIdentificacao>1</tipoIdentificacao>
        <nome>ARTUR MIRANDA PINHEIRO</nome>
      </identificacao>
      <contato>
        <email>artur_guaruja@hotmail.com</email>
      </contato>
      <endereco>
        <cep>11472100</cep>
        <numero>245</numero>
        <logradouro>RUA VALDOMIRO MACARIO</logradouro>
        <bairro>JARDIM CONCEICAOZINHA (VICENTE DE CARVALHO)</bairro>
        <uf>35</uf>
        <municipio>18701</municipio>
        <complemento>AP 214</complemento>
      </endereco>
    </responsavel>
    <listaCursos>
      <Curso>
        <codCurso>100102</codCurso>
        <serie>1</serie>
        <valores>
          <valorServico>1349.00</valorServico>
          <valorDescIncondicionado>0.00</valorDescIncondicionado>
        </valores>
        <tpCurso>1</tpCurso>
        <dataInicioCurso>01/07/2021</dataInicioCurso>
        <icAtivo>1</icAtivo>
      </Curso>
    </listaCursos>
  </aluno>
  <aluno>
    <identificacao>
      <numeroIdentificacao>41641196831</numeroIdentificacao>
      <tipoIdentificacao>1</tipoIdentificacao>
      <nome>ARTUR SANTEZI KABBACH</nome>
      <matricula>157536</matricula>
      <dataNascimento>26/11/1998</dataNascimento>
      <dataInicial>01/07/2021</dataInicial>
      <dataFinal>31/12/2021</dataFinal>
    </identificacao>
    <icResponsavel>1</icResponsavel>
    <icAtivo>1</icAtivo>
    <contato>
      <email>turkabbach@gmail.com</email>
    </contato>
    <endereco>
      <cep>13567690</cep>
      <numero>179</numero>
      <logradouro>ALAMEDA VILA RICA</logradouro>
      <bairro>PARQUE SABARA</bairro>
      <uf>35</uf>
      <municipio>48906</municipio>
    </endereco>
    <responsavel>
      <identificacao>
        <numeroIdentificacao>74417401853</numeroIdentificacao>
        <tipoIdentificacao>1</tipoIdentificacao>
        <nome>ROBERTO MICHEL KABBACH</nome>
      </identificacao>
      <contato>
        <email>rmkabbach@hotmail.com</email>
      </contato>
      <endereco>
        <cep>13567690</cep>
        <numero>179</numero>
        <logradouro>ALAMEDA VILA RICA</logradouro>
        <bairro>PARQUE SABARA</bairro>
        <uf>35</uf>
        <municipio>48906</municipio>
      </endereco>
    </responsavel>
    <listaCursos>
      <Curso>
        <codCurso>101801</codCurso>
        <serie>8</serie>
        <valores>
          <valorServico>1342.00</valorServico>
          <valorDescIncondicionado>402.60</valorDescIncondicionado>
        </valores>
        <tpCurso>1</tpCurso>
        <dataInicioCurso>01/07/2021</dataInicioCurso>
        <icAtivo>1</icAtivo>
      </Curso>
    </listaCursos>
  </aluno>
  <aluno>
    <identificacao>
      <numeroIdentificacao>48952161874</numeroIdentificacao>
      <tipoIdentificacao>1</tipoIdentificacao>
      <nome>ARYANNE ARAUJO SILVA</nome>
      <matricula>153958</matricula>
      <dataNascimento>24/05/2000</dataNascimento>
      <dataInicial>01/07/2021</dataInicial>
      <dataFinal>31/12/2021</dataFinal>
    </identificacao>
    <icResponsavel>1</icResponsavel>
    <icAtivo>1</icAtivo>
    <contato>
      <email>aryanneasary@gmail.com</email>
    </contato>
    <endereco>
      <cep>11548000</cep>
      <numero>1277</numero>
      <logradouro>Morro Cota 200</logradouro>
      <bairro>Cota 200</bairro>
      <uf>35</uf>
      <municipio>13504</municipio>
    </endereco>
    <responsavel>
      <identificacao>
        <numeroIdentificacao>48952161874</numeroIdentificacao>
        <tipoIdentificacao>1</tipoIdentificacao>
        <nome>ARYANNE ARAUJO SILVA</nome>
      </identificacao>
      <contato>
        <email>aryanneasary@gmail.com</email>
      </contato>
      <endereco>
        <cep>11548000</cep>
        <numero>1277</numero>
        <logradouro>Morro Cota 200</logradouro>
        <bairro>Cota 200</bairro>
        <uf>35</uf>
        <municipio>13504</municipio>
      </endereco>
    </responsavel>
    <listaCursos>
      <Curso>
        <codCurso>105201</codCurso>
        <serie>8</serie>
        <valores>
          <valorServico>1551.00</valorServico>
          <valorDescIncondicionado>1551.00</valorDescIncondicionado>
        </valores>
        <tpCurso>1</tpCurso>
        <dataInicioCurso>01/07/2021</dataInicioCurso>
        <icAtivo>1</icAtivo>
      </Curso>
    </listaCursos>
  </aluno>
  <aluno>
    <identificacao>
      <numeroIdentificacao>08256766654</numeroIdentificacao>
      <tipoIdentificacao>1</tipoIdentificacao>
      <nome>ATAIS MOREIRA VILELA</nome>
      <matricula>202128</matricula>
      <dataNascimento>16/05/1988</dataNascimento>
      <dataInicial>01/07/2021</dataInicial>
      <dataFinal>31/12/2021</dataFinal>
    </identificacao>
    <icResponsavel>1</icResponsavel>
    <icAtivo>1</icAtivo>
    <contato>
      <email>ataisvilela@hotmail.com</email>
    </contato>
    <endereco>
      <cep>11040140</cep>
      <numero>124</numero>
      <logradouro>BEJAMIN CONSTANT</logradouro>
      <bairro>EMBARE</bairro>
      <uf>35</uf>
      <municipio>48500</municipio>
      <complemento>CASA</complemento>
    </endereco>
    <responsavel>
      <identificacao>
        <numeroIdentificacao>08256766654</numeroIdentificacao>
        <tipoIdentificacao>1</tipoIdentificacao>
        <nome>ATAIS MOREIRA VILELA</nome>
      </identificacao>
      <contato>
        <email>ataisvilela@hotmail.com</email>
      </contato>
      <endereco>
        <cep>11040140</cep>
        <numero>124</numero>
        <logradouro>BEJAMIN CONSTANT</logradouro>
        <bairro>EMBARE</bairro>
        <uf>35</uf>
        <municipio>48500</municipio>
        <complemento>CASA</complemento>
      </endereco>
    </responsavel>
    <listaCursos>
      <Curso>
        <codCurso>107101</codCurso>
        <serie>2</serie>
        <valores>
          <valorServico>1090.00</valorServico>
          <valorDescIncondicionado>0.00</valorDescIncondicionado>
        </valores>
        <tpCurso>1</tpCurso>
        <dataInicioCurso>01/07/2021</dataInicioCurso>
        <icAtivo>1</icAtivo>
      </Curso>
    </listaCursos>
  </aluno>
  <aluno>
    <identificacao>
      <numeroIdentificacao>49677336894</numeroIdentificacao>
      <tipoIdentificacao>1</tipoIdentificacao>
      <nome>ATHOS LEUTZ SILVA</nome>
      <matricula>193530</matricula>
      <dataNascimento>22/03/2002</dataNascimento>
      <dataInicial>01/07/2021</dataInicial>
      <dataFinal>31/12/2021</dataFinal>
    </identificacao>
    <icResponsavel>1</icResponsavel>
    <icAtivo>1</icAtivo>
    <contato>
      <email>leutzathos@gmail.com</email>
    </contato>
    <endereco>
      <cep>11705370</cep>
      <numero>815</numero>
      <logradouro>RUA ARTUR MARQUES DOS SANTOS</logradouro>
      <bairro>Balneario Maracana</bairro>
      <uf>35</uf>
      <municipio>41000</municipio>
      <complemento>CASA</complemento>
    </endereco>
    <responsavel>
      <identificacao>
        <numeroIdentificacao>06992826832</numeroIdentificacao>
        <tipoIdentificacao>1</tipoIdentificacao>
        <nome>ALESSANDRA LEUTZ</nome>
      </identificacao>
      <contato>
        <email>ale.leutz@gmail.com</email>
      </contato>
      <endereco>
        <cep>11705370</cep>
        <numero>815</numero>
        <logradouro>RUA ARTUR MARQUES DOS SANTOS</logradouro>
        <bairro>Balneario Maracana</bairro>
        <uf>35</uf>
        <municipio>41000</municipio>
        <complemento>CASA</complemento>
      </endereco>
    </responsavel>
    <listaCursos>
      <Curso>
        <codCurso>103201</codCurso>
        <serie>4</serie>
        <valores>
          <valorServico>1297.00</valorServico>
          <valorDescIncondicionado>0.00</valorDescIncondicionado>
        </valores>
        <tpCurso>1</tpCurso>
        <dataInicioCurso>01/07/2021</dataInicioCurso>
        <icAtivo>1</icAtivo>
      </Curso>
    </listaCursos>
  </aluno>
  <aluno>
    <identificacao>
      <numeroIdentificacao>32353649866</numeroIdentificacao>
      <tipoIdentificacao>1</tipoIdentificacao>
      <nome>ATILA ANTONIO DOS SANTOS</nome>
      <matricula>071994</matricula>
      <dataNascimento>05/03/1985</dataNascimento>
      <dataInicial>01/07/2021</dataInicial>
      <dataFinal>31/12/2021</dataFinal>
    </identificacao>
    <icResponsavel>1</icResponsavel>
    <icAtivo>1</icAtivo>
    <contato>
      <email>atilasantosbr@hotmail.com</email>
    </contato>
    <endereco>
      <cep>11718020</cep>
      <numero>166</numero>
      <logradouro>RUA AURINO PEREIRA BARBOSA</logradouro>
      <bairro>Jardim Anhanguera</bairro>
      <uf>35</uf>
      <municipio>41000</municipio>
      <complemento>01</complemento>
    </endereco>
    <responsavel>
      <identificacao>
        <numeroIdentificacao>32353649866</numeroIdentificacao>
        <tipoIdentificacao>1</tipoIdentificacao>
        <nome>ATILA ANTONIO DOS SANTOS</nome>
      </identificacao>
      <contato>
        <email>atilasantosbr@hotmail.com</email>
      </contato>
      <endereco>
        <cep>11718020</cep>
        <numero>166</numero>
        <logradouro>RUA AURINO PEREIRA BARBOSA</logradouro>
        <bairro>Jardim Anhanguera</bairro>
        <uf>35</uf>
        <municipio>41000</municipio>
        <complemento>01</complemento>
      </endereco>
    </responsavel>
    <listaCursos>
      <Curso>
        <codCurso>103901</codCurso>
        <serie>6</serie>
        <valores>
          <valorServico>1704.00</valorServico>
          <valorDescIncondicionado>0.00</valorDescIncondicionado>
        </valores>
        <tpCurso>1</tpCurso>
        <dataInicioCurso>01/07/2021</dataInicioCurso>
        <icAtivo>1</icAtivo>
      </Curso>
    </listaCursos>
  </aluno>
  <aluno>
    <identificacao>
      <numeroIdentificacao>47383115813</numeroIdentificacao>
      <tipoIdentificacao>1</tipoIdentificacao>
      <nome>AUGUSTO CARDOSO</nome>
      <matricula>211528</matricula>
      <dataNascimento>01/07/2003</dataNascimento>
      <dataInicial>01/07/2021</dataInicial>
      <dataFinal>31/12/2021</dataFinal>
    </identificacao>
    <icResponsavel>1</icResponsavel>
    <icAtivo>1</icAtivo>
    <contato>
      <email>augustocardoso99@outlook.com</email>
    </contato>
    <endereco>
      <cep>11730000</cep>
      <numero>3</numero>
      <logradouro>RUA CUBATAO</logradouro>
      <bairro>Conjunto Barigui</bairro>
      <uf>35</uf>
      <municipio>31100</municipio>
    </endereco>
    <responsavel>
      <identificacao>
        <numeroIdentificacao>47383115813</numeroIdentificacao>
        <tipoIdentificacao>1</tipoIdentificacao>
        <nome>AUGUSTO CARDOSO</nome>
      </identificacao>
      <contato>
        <email>augustocardoso99@outlook.com</email>
      </contato>
      <endereco>
        <cep>11730000</cep>
        <numero>3</numero>
        <logradouro>RUA CUBATAO</logradouro>
        <bairro>Conjunto Barigui</bairro>
        <uf>35</uf>
        <municipio>31100</municipio>
      </endereco>
    </responsavel>
    <listaCursos>
      <Curso>
        <codCurso>103301</codCurso>
        <serie>1</serie>
        <valores>
          <valorServico>2008.00</valorServico>
          <valorDescIncondicionado>0.00</valorDescIncondicionado>
        </valores>
        <tpCurso>1</tpCurso>
        <dataInicioCurso>01/07/2021</dataInicioCurso>
        <icAtivo>1</icAtivo>
      </Curso>
    </listaCursos>
  </aluno>
  <aluno>
    <identificacao>
      <numeroIdentificacao>40024432806</numeroIdentificacao>
      <tipoIdentificacao>1</tipoIdentificacao>
      <nome>AUGUSTO CESAR ANDRINI</nome>
      <matricula>131827</matricula>
      <dataNascimento>29/08/1996</dataNascimento>
      <dataInicial>01/07/2021</dataInicial>
      <dataFinal>31/12/2021</dataFinal>
    </identificacao>
    <icResponsavel>1</icResponsavel>
    <icAtivo>1</icAtivo>
    <contato>
      <email>augusto.andrini66@gmail.com</email>
    </contato>
    <endereco>
      <cep>11725000</cep>
      <numero>771</numero>
      <logradouro>DO TRABALHADOR</logradouro>
      <bairro>SITIO DO CAMPO</bairro>
      <uf>35</uf>
      <municipio>41000</municipio>
      <complemento>CASA</complemento>
    </endereco>
    <responsavel>
      <identificacao>
        <numeroIdentificacao>40024432806</numeroIdentificacao>
        <tipoIdentificacao>1</tipoIdentificacao>
        <nome>AUGUSTO CESAR ANDRINI</nome>
      </identificacao>
      <contato>
        <email>augusto.andrini66@gmail.com</email>
      </contato>
      <endereco>
        <cep>11725000</cep>
        <numero>771</numero>
        <logradouro>DO TRABALHADOR</logradouro>
        <bairro>SITIO DO CAMPO</bairro>
        <uf>35</uf>
        <municipio>41000</municipio>
        <complemento>CASA</complemento>
      </endereco>
    </responsavel>
    <listaCursos>
      <Curso>
        <codCurso>104801</codCurso>
        <serie>10</serie>
        <valores>
          <valorServico>1704.00</valorServico>
          <valorDescIncondicionado>0.00</valorDescIncondicionado>
        </valores>
        <tpCurso>1</tpCurso>
        <dataInicioCurso>01/07/2021</dataInicioCurso>
        <icAtivo>1</icAtivo>
      </Curso>
    </listaCursos>
  </aluno>
  <aluno>
    <identificacao>
      <numeroIdentificacao>46668857817</numeroIdentificacao>
      <tipoIdentificacao>1</tipoIdentificacao>
      <nome>AUGUSTO CLOVIS LINS ROLIM</nome>
      <matricula>177093</matricula>
      <dataNascimento>28/01/2000</dataNascimento>
      <dataInicial>01/07/2021</dataInicial>
      <dataFinal>31/12/2021</dataFinal>
    </identificacao>
    <icResponsavel>1</icResponsavel>
    <icAtivo>1</icAtivo>
    <contato>
      <email>gsslnss33@gmail.com</email>
    </contato>
    <endereco>
      <cep>11717032</cep>
      <numero>182</numero>
      <logradouro>RUA MANOEL FELICIANO DE OLIVEIRA</logradouro>
      <bairro>VILA MIRIM</bairro>
      <uf>35</uf>
      <municipio>41000</municipio>
      <complemento>CASA</complemento>
    </endereco>
    <responsavel>
      <identificacao>
        <numeroIdentificacao>46668857817</numeroIdentificacao>
        <tipoIdentificacao>1</tipoIdentificacao>
        <nome>AUGUSTO CLOVIS LINS ROLIM</nome>
      </identificacao>
      <contato>
        <email>gsslnss33@gmail.com</email>
      </contato>
      <endereco>
        <cep>11717032</cep>
        <numero>182</numero>
        <logradouro>RUA MANOEL FELICIANO DE OLIVEIRA</logradouro>
        <bairro>VILA MIRIM</bairro>
        <uf>35</uf>
        <municipio>41000</municipio>
        <complemento>CASA</complemento>
      </endereco>
    </responsavel>
    <listaCursos>
      <Curso>
        <codCurso>103201</codCurso>
        <serie>6</serie>
        <valores>
          <valorServico>1297.00</valorServico>
          <valorDescIncondicionado>0.00</valorDescIncondicionado>
        </valores>
        <tpCurso>1</tpCurso>
        <dataInicioCurso>01/07/2021</dataInicioCurso>
        <icAtivo>1</icAtivo>
      </Curso>
    </listaCursos>
  </aluno>
  <aluno>
    <identificacao>
      <numeroIdentificacao>44696161846</numeroIdentificacao>
      <tipoIdentificacao>1</tipoIdentificacao>
      <nome>AUGUSTO GABRIEL DE SOUZA VASCONCELOS</nome>
      <matricula>208095</matricula>
      <dataNascimento>20/03/2000</dataNascimento>
      <dataInicial>01/07/2021</dataInicial>
      <dataFinal>31/12/2021</dataFinal>
    </identificacao>
    <icResponsavel>1</icResponsavel>
    <icAtivo>1</icAtivo>
    <contato>
      <email>agsv2018@gmail.com</email>
    </contato>
    <endereco>
      <cep>11390050</cep>
      <numero>165</numero>
      <logradouro>RUA JOSE GONCALVES DA MOTA JUNIOR</logradouro>
      <bairro>VILA VALENCA</bairro>
      <uf>35</uf>
      <municipio>51009</municipio>
    </endereco>
    <responsavel>
      <identificacao>
        <numeroIdentificacao>66818281834</numeroIdentificacao>
        <tipoIdentificacao>1</tipoIdentificacao>
        <nome>AGOSTINHO VARCELO DE VASCONCELOS</nome>
      </identificacao>
      <contato>
        <email>AGOSTINHOVARCELO@BOL.COM.BR</email>
      </contato>
      <endereco>
        <cep>11390050</cep>
        <numero>165</numero>
        <logradouro>RUA JOSE GONCALVES DA MOTA JUNIOR</logradouro>
        <bairro>VILA VALENCA</bairro>
        <uf>35</uf>
        <municipio>51009</municipio>
      </endereco>
    </responsavel>
    <listaCursos>
      <Curso>
        <codCurso>105201</codCurso>
        <serie>2</serie>
        <valores>
          <valorServico>1551.00</valorServico>
          <valorDescIncondicionado>0.00</valorDescIncondicionado>
        </valores>
        <tpCurso>1</tpCurso>
        <dataInicioCurso>01/07/2021</dataInicioCurso>
        <icAtivo>1</icAtivo>
      </Curso>
    </listaCursos>
  </aluno>
  <aluno>
    <identificacao>
      <numeroIdentificacao>09800428879</numeroIdentificacao>
      <tipoIdentificacao>1</tipoIdentificacao>
      <nome>AUXILIADORA DE CARVALHO</nome>
      <matricula>203642</matricula>
      <dataNascimento>11/01/1972</dataNascimento>
      <dataInicial>01/07/2021</dataInicial>
      <dataFinal>31/12/2021</dataFinal>
    </identificacao>
    <icResponsavel>1</icResponsavel>
    <icAtivo>1</icAtivo>
    <contato>
      <email>doracarvalho11011972@gmail.com</email>
    </contato>
    <endereco>
      <cep>11065260</cep>
      <numero>21</numero>
      <logradouro>RUA NEWTON PRADO</logradouro>
      <bairro>JOSE MENINO</bairro>
      <uf>35</uf>
      <municipio>48500</municipio>
      <complemento>APTO 37</complemento>
    </endereco>
    <responsavel>
      <identificacao>
        <numeroIdentificacao>09800428879</numeroIdentificacao>
        <tipoIdentificacao>1</tipoIdentificacao>
        <nome>AUXILIADORA DE CARVALHO</nome>
      </identificacao>
      <contato>
        <email>Doracarvalho11011972@gmail.com</email>
      </contato>
      <endereco>
        <cep>11065260</cep>
        <numero>21</numero>
        <logradouro>RUA NEWTON PRADO</logradouro>
        <bairro>JOSE MENINO</bairro>
        <uf>35</uf>
        <municipio>48500</municipio>
        <complemento>APTO 37</complemento>
      </endereco>
    </responsavel>
    <listaCursos>
      <Curso>
        <codCurso>103001</codCurso>
        <serie>2</serie>
        <valores>
          <valorServico>3274.00</valorServico>
          <valorDescIncondicionado>0.00</valorDescIncondicionado>
        </valores>
        <tpCurso>1</tpCurso>
        <dataInicioCurso>01/07/2021</dataInicioCurso>
        <icAtivo>1</icAtivo>
      </Curso>
    </listaCursos>
  </aluno>
  <aluno>
    <identificacao>
      <numeroIdentificacao>49532862862</numeroIdentificacao>
      <tipoIdentificacao>1</tipoIdentificacao>
      <nome>AXEL AMORA ALVES</nome>
      <matricula>186801</matricula>
      <dataNascimento>28/05/2002</dataNascimento>
      <dataInicial>01/07/2021</dataInicial>
      <dataFinal>31/12/2021</dataFinal>
    </identificacao>
    <icResponsavel>1</icResponsavel>
    <icAtivo>1</icAtivo>
    <contato>
      <email>alvesaxel74@gmail.com</email>
    </contato>
    <endereco>
      <cep>11350270</cep>
      <numero>679</numero>
      <logradouro>BUSCANDO ENDERECO, AGUARDE...</logradouro>
      <bairro>CIDADE NAUTICA</bairro>
      <uf>35</uf>
      <municipio>51009</municipio>
      <complemento>CAAS</complemento>
    </endereco>
    <responsavel>
      <identificacao>
        <numeroIdentificacao>05200287839</numeroIdentificacao>
        <tipoIdentificacao>1</tipoIdentificacao>
        <nome>MANOEL APARECIDO ALVES</nome>
      </identificacao>
      <contato>
        <email>alves150@hotmail.com052</email>
      </contato>
      <endereco>
        <cep>11350270</cep>
        <numero>679</numero>
        <logradouro>BUSCANDO ENDERECO, AGUARDE...</logradouro>
        <bairro>CIDADE NAUTICA</bairro>
        <uf>35</uf>
        <municipio>51009</municipio>
        <complemento>CAAS</complemento>
      </endereco>
    </responsavel>
    <listaCursos>
      <Curso>
        <codCurso>103201</codCurso>
        <serie>4</serie>
        <valores>
          <valorServico>1297.00</valorServico>
          <valorDescIncondicionado>259.40</valorDescIncondicionado>
        </valores>
        <tpCurso>1</tpCurso>
        <dataInicioCurso>01/07/2021</dataInicioCurso>
        <icAtivo>1</icAtivo>
      </Curso>
    </listaCursos>
  </aluno>
  <aluno>
    <identificacao>
      <numeroIdentificacao>41258144816</numeroIdentificacao>
      <tipoIdentificacao>1</tipoIdentificacao>
      <nome>AXEL FORTI BORGES</nome>
      <matricula>179562</matricula>
      <dataNascimento>06/01/1995</dataNascimento>
      <dataInicial>01/07/2021</dataInicial>
      <dataFinal>31/12/2021</dataFinal>
    </identificacao>
    <icResponsavel>1</icResponsavel>
    <icAtivo>1</icAtivo>
    <contato>
      <email>axelborges_@hotmail.com.br</email>
    </contato>
    <endereco>
      <cep>11510150</cep>
      <numero>171</numero>
      <logradouro>RUA ANA NERI</logradouro>
      <bairro>VILA COUTO</bairro>
      <uf>35</uf>
      <municipio>13504</municipio>
      <complemento>CASA</complemento>
    </endereco>
    <responsavel>
      <identificacao>
        <numeroIdentificacao>41258144816</numeroIdentificacao>
        <tipoIdentificacao>1</tipoIdentificacao>
        <nome>AXEL FORTI BORGES</nome>
      </identificacao>
      <contato>
        <email>axelborges_@hotmail.com.br</email>
      </contato>
      <endereco>
        <cep>11510150</cep>
        <numero>171</numero>
        <logradouro>RUA ANA NERI</logradouro>
        <bairro>VILA COUTO</bairro>
        <uf>35</uf>
        <municipio>13504</municipio>
        <complemento>CASA</complemento>
      </endereco>
    </responsavel>
    <listaCursos>
      <Curso>
        <codCurso>100102</codCurso>
        <serie>6</serie>
        <valores>
          <valorServico>1349.00</valorServico>
          <valorDescIncondicionado>0.00</valorDescIncondicionado>
        </valores>
        <tpCurso>1</tpCurso>
        <dataInicioCurso>01/07/2021</dataInicioCurso>
        <icAtivo>1</icAtivo>
      </Curso>
    </listaCursos>
  </aluno>
  <aluno>
    <identificacao>
      <numeroIdentificacao>46055699877</numeroIdentificacao>
      <tipoIdentificacao>1</tipoIdentificacao>
      <nome>AYANAEL DE SOUZA LIMA</nome>
      <matricula>211970</matricula>
      <dataNascimento>16/01/1997</dataNascimento>
      <dataInicial>01/07/2021</dataInicial>
      <dataFinal>31/12/2021</dataFinal>
    </identificacao>
    <icResponsavel>1</icResponsavel>
    <icAtivo>1</icAtivo>
    <contato>
      <email>ayanaels@gmail.com</email>
    </contato>
    <endereco>
      <cep>11085590</cep>
      <numero>340</numero>
      <logradouro>RUA GILBERTO FRANCO SILVA</logradouro>
      <bairro>CANELEIRA</bairro>
      <uf>35</uf>
      <municipio>48500</municipio>
    </endereco>
    <responsavel>
      <identificacao>
        <numeroIdentificacao>46055699877</numeroIdentificacao>
        <tipoIdentificacao>1</tipoIdentificacao>
        <nome>AYANAEL DE SOUZA LIMA</nome>
      </identificacao>
      <contato>
        <email>ayanaels@gmail.com</email>
      </contato>
      <endereco>
        <cep>11085590</cep>
        <numero>340</numero>
        <logradouro>RUA GILBERTO FRANCO SILVA</logradouro>
        <bairro>CANELEIRA</bairro>
        <uf>35</uf>
        <municipio>48500</municipio>
      </endereco>
    </responsavel>
    <listaCursos>
      <Curso>
        <codCurso>107101</codCurso>
        <serie>1</serie>
        <valores>
          <valorServico>1090.00</valorServico>
          <valorDescIncondicionado>0.00</valorDescIncondicionado>
        </valores>
        <tpCurso>1</tpCurso>
        <dataInicioCurso>01/07/2021</dataInicioCurso>
        <icAtivo>1</icAtivo>
      </Curso>
    </listaCursos>
  </aluno>
  <aluno>
    <identificacao>
      <numeroIdentificacao>51126243884</numeroIdentificacao>
      <tipoIdentificacao>1</tipoIdentificacao>
      <nome>AYLLA MARTINS DE AGUIAR</nome>
      <matricula>169522</matricula>
      <dataNascimento>17/11/2001</dataNascimento>
      <dataInicial>01/07/2021</dataInicial>
      <dataFinal>31/12/2021</dataFinal>
    </identificacao>
    <icResponsavel>1</icResponsavel>
    <icAtivo>1</icAtivo>
    <contato>
      <email>Aylla.bol@hotmail.com</email>
    </contato>
    <endereco>
      <cep>11920000</cep>
      <numero>10</numero>
      <logradouro> RUA DOUTOR PAULO BARREIROS</logradouro>
      <bairro>VILA GARCES</bairro>
      <uf>35</uf>
      <municipio>20301</municipio>
      <complemento>CASA</complemento>
    </endereco>
    <responsavel>
      <identificacao>
        <numeroIdentificacao>32902713827</numeroIdentificacao>
        <tipoIdentificacao>1</tipoIdentificacao>
        <nome>WAGNER BENEDITO DE AGUIAR</nome>
      </identificacao>
      <contato>
        <email>wasat.iguape@hotmail.com</email>
      </contato>
      <endereco>
        <cep>11920000</cep>
        <numero>10</numero>
        <logradouro> RUA DOUTOR PAULO BARREIROS</logradouro>
        <bairro>VILA GARCES</bairro>
        <uf>35</uf>
        <municipio>20301</municipio>
        <complemento>CASA</complemento>
      </endereco>
    </responsavel>
    <listaCursos>
      <Curso>
        <codCurso>103001</codCurso>
        <serie>6</serie>
        <valores>
          <valorServico>3274.00</valorServico>
          <valorDescIncondicionado>0.00</valorDescIncondicionado>
        </valores>
        <tpCurso>1</tpCurso>
        <dataInicioCurso>01/07/2021</dataInicioCurso>
        <icAtivo>1</icAtivo>
      </Curso>
    </listaCursos>
  </aluno>
  <aluno>
    <identificacao>
      <numeroIdentificacao>52075546894</numeroIdentificacao>
      <tipoIdentificacao>1</tipoIdentificacao>
      <nome>AYLLA MATSUBARA WARDRIAK</nome>
      <matricula>185613</matricula>
      <dataNascimento>21/04/2002</dataNascimento>
      <dataInicial>01/07/2021</dataInicial>
      <dataFinal>31/12/2021</dataFinal>
    </identificacao>
    <icResponsavel>1</icResponsavel>
    <icAtivo>1</icAtivo>
    <contato>
      <email>aylla.matsubara@hotmail.com</email>
    </contato>
    <endereco>
      <cep>11065470</cep>
      <numero>71</numero>
      <logradouro>RUA PARAIBA...</logradouro>
      <bairro>POMPEIA</bairro>
      <uf>35</uf>
      <municipio>48500</municipio>
      <complemento>AP 141</complemento>
    </endereco>
    <responsavel>
      <identificacao>
        <numeroIdentificacao>73233390815</numeroIdentificacao>
        <tipoIdentificacao>1</tipoIdentificacao>
        <nome>DANIEL BARREIRO WARDRIAK</nome>
      </identificacao>
      <contato>
        <email>AYLLA.MATSUBARA@HOTMAIL.COM</email>
      </contato>
      <endereco>
        <cep>11065470</cep>
        <numero>71</numero>
        <logradouro>RUA PARAIBA...</logradouro>
        <bairro>POMPEIA</bairro>
        <uf>35</uf>
        <municipio>48500</municipio>
        <complemento>AP 141</complemento>
      </endereco>
    </responsavel>
    <listaCursos>
      <Curso>
        <codCurso>103301</codCurso>
        <serie>4</serie>
        <valores>
          <valorServico>2008.00</valorServico>
          <valorDescIncondicionado>200.80</valorDescIncondicionado>
        </valores>
        <tpCurso>1</tpCurso>
        <dataInicioCurso>01/07/2021</dataInicioCurso>
        <icAtivo>1</icAtivo>
      </Curso>
    </listaCursos>
  </aluno>
  <aluno>
    <identificacao>
      <numeroIdentificacao>43433007810</numeroIdentificacao>
      <tipoIdentificacao>1</tipoIdentificacao>
      <nome>AYSHA ROBERTA SILVA NUNES</nome>
      <matricula>200446</matricula>
      <dataNascimento>02/08/1996</dataNascimento>
      <dataInicial>01/07/2021</dataInicial>
      <dataFinal>31/12/2021</dataFinal>
    </identificacao>
    <icResponsavel>1</icResponsavel>
    <icAtivo>1</icAtivo>
    <contato>
      <email>aysha_nunes@hotmail.com</email>
    </contato>
    <endereco>
      <cep>11050250</cep>
      <numero>178</numero>
      <logradouro>BUSCANDO ENDERECO, AGUARDE...</logradouro>
      <bairro>ENCRUZILHADA</bairro>
      <uf>35</uf>
      <municipio>48500</municipio>
      <complemento>AP 41</complemento>
    </endereco>
    <responsavel>
      <identificacao>
        <numeroIdentificacao>43433007810</numeroIdentificacao>
        <tipoIdentificacao>1</tipoIdentificacao>
        <nome>AYSHA ROBERTA SILVA NUNES</nome>
      </identificacao>
      <contato>
        <email>aysha_nunes@hotmail.com</email>
      </contato>
      <endereco>
        <cep>11050250</cep>
        <numero>178</numero>
        <logradouro>BUSCANDO ENDERECO, AGUARDE...</logradouro>
        <bairro>ENCRUZILHADA</bairro>
        <uf>35</uf>
        <municipio>48500</municipio>
        <complemento>AP 41</complemento>
      </endereco>
    </responsavel>
    <listaCursos>
      <Curso>
        <codCurso>102001</codCurso>
        <serie>2</serie>
        <valores>
          <valorServico>1409.00</valorServico>
          <valorDescIncondicionado>0.00</valorDescIncondicionado>
        </valores>
        <tpCurso>1</tpCurso>
        <dataInicioCurso>01/07/2021</dataInicioCurso>
        <icAtivo>1</icAtivo>
      </Curso>
    </listaCursos>
  </aluno>
  <aluno>
    <identificacao>
      <numeroIdentificacao>42030252816</numeroIdentificacao>
      <tipoIdentificacao>1</tipoIdentificacao>
      <nome>BARBARA APARECIDA DE ARAUJO DOMINGUES</nome>
      <matricula>200659</matricula>
      <dataNascimento>11/04/1995</dataNascimento>
      <dataInicial>01/07/2021</dataInicial>
      <dataFinal>31/12/2021</dataFinal>
    </identificacao>
    <icResponsavel>1</icResponsavel>
    <icAtivo>1</icAtivo>
    <contato>
      <email>barbara.araujo95@hotmail.com</email>
    </contato>
    <endereco>
      <cep>11380030</cep>
      <numero>691</numero>
      <logradouro>RUA FRANCISCO SA</logradouro>
      <bairro>VILA SAO JORGE</bairro>
      <uf>35</uf>
      <municipio>51009</municipio>
      <complemento>SOBRADO</complemento>
    </endereco>
    <responsavel>
      <identificacao>
        <numeroIdentificacao>42030252816</numeroIdentificacao>
        <tipoIdentificacao>1</tipoIdentificacao>
        <nome>BARBARA APARECIDA DE ARAUJO DOMINGUES</nome>
      </identificacao>
      <contato>
        <email>barbara.araujo95@hotmail.com</email>
      </contato>
      <endereco>
        <cep>11380030</cep>
        <numero>691</numero>
        <logradouro>RUA FRANCISCO SA</logradouro>
        <bairro>VILA SAO JORGE</bairro>
        <uf>35</uf>
        <municipio>51009</municipio>
        <complemento>SOBRADO</complemento>
      </endereco>
    </responsavel>
    <listaCursos>
      <Curso>
        <codCurso>102301</codCurso>
        <serie>1</serie>
        <valores>
          <valorServico>1797.00</valorServico>
          <valorDescIncondicionado>0.00</valorDescIncondicionado>
        </valores>
        <tpCurso>1</tpCurso>
        <dataInicioCurso>01/07/2021</dataInicioCurso>
        <icAtivo>1</icAtivo>
      </Curso>
    </listaCursos>
  </aluno>
  <aluno>
    <identificacao>
      <numeroIdentificacao>49547575848</numeroIdentificacao>
      <tipoIdentificacao>1</tipoIdentificacao>
      <nome>BARBARA ARISTIDES ALVES DOS SANTOS</nome>
      <matricula>154716</matricula>
      <dataNascimento>09/09/1998</dataNascimento>
      <dataInicial>01/07/2021</dataInicial>
      <dataFinal>31/12/2021</dataFinal>
    </identificacao>
    <icResponsavel>1</icResponsavel>
    <icAtivo>1</icAtivo>
    <contato>
      <email>barbara-aristides@hotmail.com</email>
    </contato>
    <endereco>
      <cep>11720060</cep>
      <numero>243</numero>
      <logradouro>Rua Benilda Ferreira Virgens</logradouro>
      <bairro>Baln. Maxland</bairro>
      <uf>35</uf>
      <municipio>41000</municipio>
    </endereco>
    <responsavel>
      <identificacao>
        <numeroIdentificacao>49547575848</numeroIdentificacao>
        <tipoIdentificacao>1</tipoIdentificacao>
        <nome>BARBARA ARISTIDES ALVES DOS SANTOS</nome>
      </identificacao>
      <contato>
        <email>barbara-aristides@hotmail.com</email>
      </contato>
      <endereco>
        <cep>11720060</cep>
        <numero>243</numero>
        <logradouro>Rua Benilda Ferreira Virgens</logradouro>
        <bairro>Baln. Maxland</bairro>
        <uf>35</uf>
        <municipio>41000</municipio>
      </endereco>
    </responsavel>
    <listaCursos>
      <Curso>
        <codCurso>104901</codCurso>
        <serie>4</serie>
        <valores>
          <valorServico>1706.00</valorServico>
          <valorDescIncondicionado>0.00</valorDescIncondicionado>
        </valores>
        <tpCurso>1</tpCurso>
        <dataInicioCurso>01/07/2021</dataInicioCurso>
        <icAtivo>1</icAtivo>
      </Curso>
    </listaCursos>
  </aluno>
  <aluno>
    <identificacao>
      <numeroIdentificacao>34973848875</numeroIdentificacao>
      <tipoIdentificacao>1</tipoIdentificacao>
      <nome>BARBARA CAROLYNE CESARIO</nome>
      <matricula>141695</matricula>
      <dataNascimento>10/07/1995</dataNascimento>
      <dataInicial>01/07/2021</dataInicial>
      <dataFinal>31/12/2021</dataFinal>
    </identificacao>
    <icResponsavel>1</icResponsavel>
    <icAtivo>1</icAtivo>
    <contato>
      <email>barbara.cesario95@gmail.com</email>
    </contato>
    <endereco>
      <cep>11335350</cep>
      <numero>85</numero>
      <logradouro>RUA VEREADOR YAGO DE CASTRO BICUDO</logradouro>
      <bairro>Vila Mateo Bei</bairro>
      <uf>35</uf>
      <municipio>51009</municipio>
    </endereco>
    <responsavel>
      <identificacao>
        <numeroIdentificacao>34973848875</numeroIdentificacao>
        <tipoIdentificacao>1</tipoIdentificacao>
        <nome>BARBARA CAROLYNE CESARIO</nome>
      </identificacao>
      <contato>
        <email>barbara.cesario95@gmail.com</email>
      </contato>
      <endereco>
        <cep>11335350</cep>
        <numero>85</numero>
        <logradouro>RUA VEREADOR YAGO DE CASTRO BICUDO</logradouro>
        <bairro>Vila Mateo Bei</bairro>
        <uf>35</uf>
        <municipio>51009</municipio>
      </endereco>
    </responsavel>
    <listaCursos>
      <Curso>
        <codCurso>103801</codCurso>
        <serie>7</serie>
        <valores>
          <valorServico>1704.00</valorServico>
          <valorDescIncondicionado>1363.20</valorDescIncondicionado>
        </valores>
        <tpCurso>1</tpCurso>
        <dataInicioCurso>01/07/2021</dataInicioCurso>
        <icAtivo>1</icAtivo>
      </Curso>
    </listaCursos>
  </aluno>
  <aluno>
    <identificacao>
      <numeroIdentificacao>46598849888</numeroIdentificacao>
      <tipoIdentificacao>1</tipoIdentificacao>
      <nome>BARBARA DE ALMEIDA BICHO MOREIRA</nome>
      <matricula>170457</matricula>
      <dataNascimento>03/07/1998</dataNascimento>
      <dataInicial>01/07/2021</dataInicial>
      <dataFinal>31/12/2021</dataFinal>
    </identificacao>
    <icResponsavel>1</icResponsavel>
    <icAtivo>1</icAtivo>
    <contato>
      <email>moreirabarbara@outlook.com.br</email>
    </contato>
    <endereco>
      <cep>11410040</cep>
      <numero>130</numero>
      <logradouro>RUA MONTENEGRO</logradouro>
      <bairro>VILA MAIA</bairro>
      <uf>35</uf>
      <municipio>18701</municipio>
      <complemento>CASA</complemento>
    </endereco>
    <responsavel>
      <identificacao>
        <numeroIdentificacao>46598849888</numeroIdentificacao>
        <tipoIdentificacao>1</tipoIdentificacao>
        <nome>BARBARA DE ALMEIDA BICHO MOREIRA</nome>
      </identificacao>
      <contato>
        <email>moreirabarbara@outlook.com.br</email>
      </contato>
      <endereco>
        <cep>11410040</cep>
        <numero>130</numero>
        <logradouro>RUA MONTENEGRO</logradouro>
        <bairro>VILA MAIA</bairro>
        <uf>35</uf>
        <municipio>18701</municipio>
        <complemento>CASA</complemento>
      </endereco>
    </responsavel>
    <listaCursos>
      <Curso>
        <codCurso>100102</codCurso>
        <serie>6</serie>
        <valores>
          <valorServico>1349.00</valorServico>
          <valorDescIncondicionado>404.70</valorDescIncondicionado>
        </valores>
        <tpCurso>1</tpCurso>
        <dataInicioCurso>01/07/2021</dataInicioCurso>
        <icAtivo>1</icAtivo>
      </Curso>
    </listaCursos>
  </aluno>
  <aluno>
    <identificacao>
      <numeroIdentificacao>41709937807</numeroIdentificacao>
      <tipoIdentificacao>1</tipoIdentificacao>
      <nome>BARBARA DE PAULA TAVARES</nome>
      <matricula>146651</matricula>
      <dataNascimento>01/09/1999</dataNascimento>
      <dataInicial>01/07/2021</dataInicial>
      <dataFinal>31/12/2021</dataFinal>
    </identificacao>
    <icResponsavel>1</icResponsavel>
    <icAtivo>1</icAtivo>
    <contato>
      <email>barbara.bah.99@gmail.com</email>
    </contato>
    <endereco>
      <cep>11035101</cep>
      <numero>67</numero>
      <logradouro>RUA:JURUBATUBA</logradouro>
      <bairro>APARECIDA</bairro>
      <uf>35</uf>
      <municipio>48500</municipio>
      <complemento>BL B APTO 31</complemento>
    </endereco>
    <responsavel>
      <identificacao>
        <numeroIdentificacao>04337123849</numeroIdentificacao>
        <tipoIdentificacao>1</tipoIdentificacao>
        <nome>ALDEMIR CELESTINO DE PAULA</nome>
      </identificacao>
      <contato>
        <email>bruunabarbosa96@gmail.com</email>
      </contato>
      <endereco>
        <cep>11035101</cep>
        <numero>67</numero>
        <logradouro>RUA:JURUBATUBA</logradouro>
        <bairro>APARECIDA</bairro>
        <uf>35</uf>
        <municipio>48500</municipio>
        <complemento>BL B APTO 31</complemento>
      </endereco>
    </responsavel>
    <listaCursos>
      <Curso>
        <codCurso>104801</codCurso>
        <serie>8</serie>
        <valores>
          <valorServico>1704.00</valorServico>
          <valorDescIncondicionado>511.20</valorDescIncondicionado>
        </valores>
        <tpCurso>1</tpCurso>
        <dataInicioCurso>01/07/2021</dataInicioCurso>
        <icAtivo>1</icAtivo>
      </Curso>
    </listaCursos>
  </aluno>
  <aluno>
    <identificacao>
      <numeroIdentificacao>41858566878</numeroIdentificacao>
      <tipoIdentificacao>1</tipoIdentificacao>
      <nome>BARBARA DOS SANTOS PITTA</nome>
      <matricula>145982</matricula>
      <dataNascimento>14/07/1999</dataNascimento>
      <dataInicial>01/07/2021</dataInicial>
      <dataFinal>31/12/2021</dataFinal>
    </identificacao>
    <icResponsavel>1</icResponsavel>
    <icAtivo>1</icAtivo>
    <contato>
      <email>bp145982@alunos.unisanta.br</email>
    </contato>
    <endereco>
      <cep>11070190</cep>
      <numero>7</numero>
      <logradouro>Rua Doutor Vital Brasil</logradouro>
      <bairro>Vila Belmiro</bairro>
      <uf>35</uf>
      <municipio>48500</municipio>
      <complemento>AP 31</complemento>
    </endereco>
    <responsavel>
      <identificacao>
        <numeroIdentificacao>41858566878</numeroIdentificacao>
        <tipoIdentificacao>1</tipoIdentificacao>
        <nome>BARBARA DOS SANTOS PITTA</nome>
      </identificacao>
      <contato>
        <email>barbaraspitta@hotmail.com</email>
      </contato>
      <endereco>
        <cep>11070190</cep>
        <numero>7</numero>
        <logradouro>Rua Doutor Vital Brasil</logradouro>
        <bairro>Vila Belmiro</bairro>
        <uf>35</uf>
        <municipio>48500</municipio>
        <complemento>AP 31</complemento>
      </endereco>
    </responsavel>
    <listaCursos>
      <Curso>
        <codCurso>101502</codCurso>
        <serie>8</serie>
        <valores>
          <valorServico>1636.00</valorServico>
          <valorDescIncondicionado>327.20</valorDescIncondicionado>
        </valores>
        <tpCurso>1</tpCurso>
        <dataInicioCurso>01/07/2021</dataInicioCurso>
        <icAtivo>1</icAtivo>
      </Curso>
    </listaCursos>
  </aluno>
  <aluno>
    <identificacao>
      <numeroIdentificacao>51955026840</numeroIdentificacao>
      <tipoIdentificacao>1</tipoIdentificacao>
      <nome>BARBARA DOS SANTOS RIBEIRO</nome>
      <matricula>203570</matricula>
      <dataNascimento>24/05/2003</dataNascimento>
      <dataInicial>01/07/2021</dataInicial>
      <dataFinal>31/12/2021</dataFinal>
    </identificacao>
    <icResponsavel>1</icResponsavel>
    <icAtivo>1</icAtivo>
    <contato>
      <email>brsantosribeiro@hotmail.com</email>
    </contato>
    <endereco>
      <cep>11750000</cep>
      <numero>81</numero>
      <logradouro>RUA PIAUI </logradouro>
      <bairro>LEAO NOVAIS </bairro>
      <uf>35</uf>
      <municipio>37602</municipio>
      <complemento>CASA</complemento>
    </endereco>
    <responsavel>
      <identificacao>
        <numeroIdentificacao>15913125827</numeroIdentificacao>
        <tipoIdentificacao>1</tipoIdentificacao>
        <nome>JAIRO RIBEIRO</nome>
      </identificacao>
      <contato>
        <email>jairoribeiroadv@outlook.com</email>
      </contato>
      <endereco>
        <cep>11750000</cep>
        <numero>81</numero>
        <logradouro>RUA PIAUI </logradouro>
        <bairro>LEAO NOVAIS </bairro>
        <uf>35</uf>
        <municipio>37602</municipio>
        <complemento>CASA</complemento>
      </endereco>
    </responsavel>
    <listaCursos>
      <Curso>
        <codCurso>103001</codCurso>
        <serie>2</serie>
        <valores>
          <valorServico>3274.00</valorServico>
          <valorDescIncondicionado>0.00</valorDescIncondicionado>
        </valores>
        <tpCurso>1</tpCurso>
        <dataInicioCurso>01/07/2021</dataInicioCurso>
        <icAtivo>1</icAtivo>
      </Curso>
    </listaCursos>
  </aluno>
  <aluno>
    <identificacao>
      <numeroIdentificacao>51809434858</numeroIdentificacao>
      <tipoIdentificacao>1</tipoIdentificacao>
      <nome>BARBARA GOMES CASTILHO</nome>
      <matricula>178165</matricula>
      <dataNascimento>24/12/2000</dataNascimento>
      <dataInicial>01/07/2021</dataInicial>
      <dataFinal>31/12/2021</dataFinal>
    </identificacao>
    <icResponsavel>1</icResponsavel>
    <icAtivo>1</icAtivo>
    <contato>
      <email>barbarag.castilho@hotmail.com</email>
    </contato>
    <endereco>
      <cep>11340290</cep>
      <numero>264</numero>
      <logradouro>RUA SEBASTIAO DE PAES ALCANTARA</logradouro>
      <bairro>ESPLANADA DOS BARREIROS</bairro>
      <uf>35</uf>
      <municipio>51009</municipio>
      <complemento>CASA FUNDOS</complemento>
    </endereco>
    <responsavel>
      <identificacao>
        <numeroIdentificacao>51809434858</numeroIdentificacao>
        <tipoIdentificacao>1</tipoIdentificacao>
        <nome>BARBARA GOMES CASTILHO</nome>
      </identificacao>
      <contato>
        <email>barbarag.castilho@hotmail.com</email>
      </contato>
      <endereco>
        <cep>11340290</cep>
        <numero>264</numero>
        <logradouro>RUA SEBASTIAO DE PAES ALCANTARA</logradouro>
        <bairro>ESPLANADA DOS BARREIROS</bairro>
        <uf>35</uf>
        <municipio>51009</municipio>
        <complemento>CASA FUNDOS</complemento>
      </endereco>
    </responsavel>
    <listaCursos>
      <Curso>
        <codCurso>104901</codCurso>
        <serie>6</serie>
        <valores>
          <valorServico>1706.00</valorServico>
          <valorDescIncondicionado>1706.00</valorDescIncondicionado>
        </valores>
        <tpCurso>1</tpCurso>
        <dataInicioCurso>01/07/2021</dataInicioCurso>
        <icAtivo>1</icAtivo>
      </Curso>
    </listaCursos>
  </aluno>
  <aluno>
    <identificacao>
      <numeroIdentificacao>47635685821</numeroIdentificacao>
      <tipoIdentificacao>1</tipoIdentificacao>
      <nome>BARBARA GONCALVES BARBOSA</nome>
      <matricula>138849</matricula>
      <dataNascimento>09/07/1998</dataNascimento>
      <dataInicial>01/07/2021</dataInicial>
      <dataFinal>31/12/2021</dataFinal>
    </identificacao>
    <icResponsavel>1</icResponsavel>
    <icAtivo>1</icAtivo>
    <contato>
      <email>barbaragbarbosa0606@hotmail.com</email>
    </contato>
    <endereco>
      <cep>11075550</cep>
      <numero>46</numero>
      <logradouro>RUA DOM PEDRO I</logradouro>
      <bairro>VILA BELMIRO</bairro>
      <uf>35</uf>
      <municipio>48500</municipio>
      <complemento>13</complemento>
    </endereco>
    <responsavel>
      <identificacao>
        <numeroIdentificacao>47635685821</numeroIdentificacao>
        <tipoIdentificacao>1</tipoIdentificacao>
        <nome>BARBARA GONCALVES BARBOSA</nome>
      </identificacao>
      <contato>
        <email>barbaragbarbosa0606@hotmail.com</email>
      </contato>
      <endereco>
        <cep>11075550</cep>
        <numero>46</numero>
        <logradouro>RUA DOM PEDRO I</logradouro>
        <bairro>VILA BELMIRO</bairro>
        <uf>35</uf>
        <municipio>48500</municipio>
        <complemento>13</complemento>
      </endereco>
    </responsavel>
    <listaCursos>
      <Curso>
        <codCurso>103201</codCurso>
        <serie>4</serie>
        <valores>
          <valorServico>1297.00</valorServico>
          <valorDescIncondicionado>259.40</valorDescIncondicionado>
        </valores>
        <tpCurso>1</tpCurso>
        <dataInicioCurso>01/07/2021</dataInicioCurso>
        <icAtivo>1</icAtivo>
      </Curso>
    </listaCursos>
  </aluno>
</importacaoAlunoEnvio>